{
  "type": "FeatureCollection",
  "generator": "overpass-turbo",
  "copyright": "The data included in this document is from www.openstreetmap.org. The data is made available under ODbL.",
  "timestamp": "2026-08-21T21:37:33Z",
  "features": [
    {
      "type": "Feature",
      "properties": {
        "@id": "way/28769872",
        "leisure": "sports_centre",
        "name": "Complejo acuático",
        "sport": "swimming"
      },
      "geometry": {
        "type": "Polygon",
        "coordinates": [
          [
            [
              -75.5914222,
              6.2559013
            ],
            [
              -75.5916942,
              6.2560434
            ],
            [
              -75.5919729,
              6.2559371
            ],
            [
              -75.5920132,
              6.2558755
            ],
            [
              -75.5917713,
              6.255157
            ],
            [
              -75.5916152,
              6.2546824
            ],
            [
              -75.5913513,
              6.2543958
            ],
            [
              -75.5911526,
              6.2542429
            ],
            [
              -75.5907427,
              6.2540195
            ],
            [
              -75.5905322,
              6.2539501
            ],
            [
              -75.5902513,
              6.2540598
            ],
            [
              -75.5902496,
              6.254095
            ],
            [
              -75.5902378,
              6.2543419
            ],
            [
              -75.5902513,
              6.2544763
            ],
            [
              -75.5902903,
              6.2546464
            ],
            [
              -75.5903263,
              6.2548042
            ],
            [
              -75.590371,
              6.2549419
            ],
            [
              -75.5904561,
              6.2551054
            ],
            [
              -75.5905513,
              6.255252
            ],
            [
              -75.5905774,
              6.2552835
            ],
            [
              -75.5906397,
              6.2553583
            ],
            [
              -75.590792,
              6.255509
            ],
            [
              -75.5908378,
              6.2555542
            ],
            [
              -75.5910819,
              6.2557535
            ],
            [
              -75.5914222,
              6.2559013
            ]
          ]
        ]
      },
      "id": "way/28769872"
    },
    {
      "type": "Feature",
      "properties": {
        "@id": "way/28770006",
        "building": "yes",
        "leisure": "sports_centre",
        "name": "Piscina Los Alcázares",
        "sport": "swimming"
      },
      "geometry": {
        "type": "Polygon",
        "coordinates": [
          [
            [
              -75.6060734,
              6.2597303
            ],
            [
              -75.6062288,
              6.259677
            ],
            [
              -75.6061888,
              6.2595685
            ],
            [
              -75.6058452,
              6.2596933
            ],
            [
              -75.6059461,
              6.2599594
            ],
            [
              -75.6061407,
              6.2598792
            ],
            [
              -75.6060734,
              6.2597303
            ]
          ]
        ]
      },
      "id": "way/28770006"
    },
    {
      "type": "Feature",
      "properties": {
        "@id": "way/30257865",
        "leisure": "sports_centre",
        "name": "Complejo Deportivo San Cristobal"
      },
      "geometry": {
        "type": "Polygon",
        "coordinates": [
          [
            [
              -75.6065285,
              6.2479081
            ],
            [
              -75.606973,
              6.248373
            ],
            [
              -75.6074826,
              6.247984
            ],
            [
              -75.607613,
              6.2479224
            ],
            [
              -75.6077685,
              6.2478998
            ],
            [
              -75.6079702,
              6.2478779
            ],
            [
              -75.6081213,
              6.2478737
            ],
            [
              -75.6082001,
              6.2478592
            ],
            [
              -75.608309,
              6.2478121
            ],
            [
              -75.6083915,
              6.2477476
            ],
            [
              -75.6084418,
              6.2476878
            ],
            [
              -75.6084692,
              6.2476431
            ],
            [
              -75.6085445,
              6.247395
            ],
            [
              -75.6086652,
              6.2470764
            ],
            [
              -75.6084361,
              6.2468815
            ],
            [
              -75.6083077,
              6.2469607
            ],
            [
              -75.6082727,
              6.2469134
            ],
            [
              -75.6082527,
              6.2469343
            ],
            [
              -75.6081427,
              6.2467945
            ],
            [
              -75.6079611,
              6.2469793
            ],
            [
              -75.6080714,
              6.2472129
            ],
            [
              -75.6072018,
              6.247407
            ],
            [
              -75.6071712,
              6.2473353
            ],
            [
              -75.6071173,
              6.2471232
            ],
            [
              -75.6067867,
              6.2472018
            ],
            [
              -75.6067966,
              6.2472299
            ],
            [
              -75.6068243,
              6.2473078
            ],
            [
              -75.6068691,
              6.2474337
            ],
            [
              -75.6063422,
              6.2477035
            ],
            [
              -75.6065285,
              6.2479081
            ]
          ]
        ]
      },
      "id": "way/30257865"
    },
    {
      "type": "Feature",
      "properties": {
        "@id": "way/47332276",
        "leisure": "sports_centre",
        "name": "Coliseo de la Univerisdad Cooperativa de Colombia",
        "sport": "Baloncesto"
      },
      "geometry": {
        "type": "Polygon",
        "coordinates": [
          [
            [
              -75.5523896,
              6.2385509
            ],
            [
              -75.5520635,
              6.2383827
            ],
            [
              -75.5519397,
              6.2387257
            ],
            [
              -75.5522356,
              6.2388692
            ],
            [
              -75.5523896,
              6.2385509
            ]
          ]
        ]
      },
      "id": "way/47332276"
    },
    {
      "type": "Feature",
      "properties": {
        "@id": "way/48770025",
        "leisure": "sports_centre",
        "name": "Placa Juan Nepomuceno Morales"
      },
      "geometry": {
        "type": "Polygon",
        "coordinates": [
          [
            [
              -75.6322343,
              6.2791157
            ],
            [
              -75.6321718,
              6.2789319
            ],
            [
              -75.6320548,
              6.2789712
            ],
            [
              -75.6321173,
              6.279155
            ],
            [
              -75.6322343,
              6.2791157
            ]
          ]
        ]
      },
      "id": "way/48770025"
    },
    {
      "type": "Feature",
      "properties": {
        "@id": "way/113819324",
        "building": "yes",
        "leisure": "sports_centre",
        "name": "Polideportivo"
      },
      "geometry": {
        "type": "Polygon",
        "coordinates": [
          [
            [
              -75.6141255,
              6.2505249
            ],
            [
              -75.6135965,
              6.2502431
            ],
            [
              -75.6133529,
              6.2506721
            ],
            [
              -75.6136047,
              6.250815
            ],
            [
              -75.6137101,
              6.2506489
            ],
            [
              -75.6139818,
              6.2507996
            ],
            [
              -75.6141255,
              6.2505249
            ]
          ]
        ]
      },
      "id": "way/113819324"
    },
    {
      "type": "Feature",
      "properties": {
        "@id": "way/124953085",
        "building": "yes",
        "leisure": "sports_centre",
        "name": "Coliseo",
        "sport": "multi"
      },
      "geometry": {
        "type": "Polygon",
        "coordinates": [
          [
            [
              -75.6113936,
              6.2577769
            ],
            [
              -75.6114957,
              6.2575047
            ],
            [
              -75.611289,
              6.2574246
            ],
            [
              -75.6111969,
              6.2577076
            ],
            [
              -75.6113936,
              6.2577769
            ]
          ]
        ]
      },
      "id": "way/124953085"
    },
    {
      "type": "Feature",
      "properties": {
        "@id": "way/126710652",
        "leisure": "sports_centre"
      },
      "geometry": {
        "type": "Polygon",
        "coordinates": [
          [
            [
              -75.6255531,
              6.2726292
            ],
            [
              -75.6255217,
              6.2725764
            ],
            [
              -75.6254826,
              6.2725002
            ],
            [
              -75.6253704,
              6.2724041
            ],
            [
              -75.6252323,
              6.272483
            ],
            [
              -75.6251571,
              6.2727107
            ],
            [
              -75.6253183,
              6.273022
            ],
            [
              -75.6254054,
              6.2731524
            ],
            [
              -75.6255088,
              6.2731407
            ],
            [
              -75.6255851,
              6.2730365
            ],
            [
              -75.6255344,
              6.2729954
            ],
            [
              -75.625605,
              6.2729165
            ],
            [
              -75.6255926,
              6.2728029
            ],
            [
              -75.6255879,
              6.2727595
            ],
            [
              -75.6255857,
              6.2727388
            ],
            [
              -75.6255819,
              6.2727261
            ],
            [
              -75.6255531,
              6.2726292
            ]
          ]
        ]
      },
      "id": "way/126710652"
    },
    {
      "type": "Feature",
      "properties": {
        "@id": "way/129724124",
        "leisure": "sports_centre",
        "name": "Polideportivo Itagüí",
        "sport": "multi"
      },
      "geometry": {
        "type": "Polygon",
        "coordinates": [
          [
            [
              -75.6048516,
              6.1703434
            ],
            [
              -75.605626,
              6.169809
            ],
            [
              -75.6052343,
              6.1692745
            ],
            [
              -75.6044416,
              6.1698633
            ],
            [
              -75.6048516,
              6.1703434
            ]
          ]
        ]
      },
      "id": "way/129724124"
    },
    {
      "type": "Feature",
      "properties": {
        "@id": "way/130439684",
        "building": "yes",
        "leisure": "sports_centre",
        "name": "Alejandro Echavarria",
        "sport": "multi"
      },
      "geometry": {
        "type": "Polygon",
        "coordinates": [
          [
            [
              -75.5422151,
              6.23416
            ],
            [
              -75.5420911,
              6.2340584
            ],
            [
              -75.5419123,
              6.234275
            ],
            [
              -75.5420359,
              6.2343762
            ],
            [
              -75.5422151,
              6.23416
            ]
          ]
        ]
      },
      "id": "way/130439684"
    },
    {
      "type": "Feature",
      "properties": {
        "@id": "way/151945972",
        "leisure": "sports_centre",
        "name": "Polideportivo La Estrella",
        "sport": "multi"
      },
      "geometry": {
        "type": "Polygon",
        "coordinates": [
          [
            [
              -75.6452172,
              6.1593815
            ],
            [
              -75.6454134,
              6.1594461
            ],
            [
              -75.6455196,
              6.1591275
            ],
            [
              -75.6453234,
              6.1590628
            ],
            [
              -75.6452172,
              6.1593815
            ]
          ]
        ]
      },
      "id": "way/151945972"
    },
    {
      "type": "Feature",
      "properties": {
        "@id": "way/151946379",
        "leisure": "sports_centre",
        "name": "Unidad Deportiva Belén",
        "official_name": "Unidad Deportiva Andrés Escobar Belen",
        "source": "Julian Vlez",
        "sport": "multi"
      },
      "geometry": {
        "type": "Polygon",
        "coordinates": [
          [
            [
              -75.5898434,
              6.2360325
            ],
            [
              -75.5895692,
              6.2345266
            ],
            [
              -75.589445,
              6.234077
            ],
            [
              -75.5891177,
              6.2324299
            ],
            [
              -75.5873554,
              6.2325015
            ],
            [
              -75.5873751,
              6.2330033
            ],
            [
              -75.5875062,
              6.2360982
            ],
            [
              -75.5898434,
              6.2360325
            ]
          ]
        ]
      },
      "id": "way/151946379"
    },
    {
      "type": "Feature",
      "properties": {
        "@id": "way/151946382",
        "building": "yes",
        "leisure": "sports_centre"
      },
      "geometry": {
        "type": "Polygon",
        "coordinates": [
          [
            [
              -75.6070967,
              6.2427504
            ],
            [
              -75.6067587,
              6.2426394
            ],
            [
              -75.6067046,
              6.2428021
            ],
            [
              -75.6070426,
              6.2429132
            ],
            [
              -75.6070967,
              6.2427504
            ]
          ]
        ]
      },
      "id": "way/151946382"
    },
    {
      "type": "Feature",
      "properties": {
        "@id": "way/157006509",
        "leisure": "sports_centre",
        "name": "Unidadad Deportiva de San Cristobal"
      },
      "geometry": {
        "type": "Polygon",
        "coordinates": [
          [
            [
              -75.6358212,
              6.2808502
            ],
            [
              -75.6356187,
              6.2807616
            ],
            [
              -75.6356509,
              6.2806109
            ],
            [
              -75.6357032,
              6.2806976
            ],
            [
              -75.6358346,
              6.2807296
            ],
            [
              -75.6358596,
              6.2806344
            ],
            [
              -75.6359046,
              6.2803726
            ],
            [
              -75.6357047,
              6.2803352
            ],
            [
              -75.6355476,
              6.280403
            ],
            [
              -75.6348337,
              6.280119
            ],
            [
              -75.63462,
              6.280622
            ],
            [
              -75.6346746,
              6.2806776
            ],
            [
              -75.634684,
              6.2808282
            ],
            [
              -75.6347135,
              6.2809495
            ],
            [
              -75.6347765,
              6.2810188
            ],
            [
              -75.6348643,
              6.2810218
            ],
            [
              -75.6349542,
              6.2809771
            ],
            [
              -75.6350027,
              6.2808774
            ],
            [
              -75.6352102,
              6.2809461
            ],
            [
              -75.6353278,
              6.2810183
            ],
            [
              -75.6354108,
              6.281063
            ],
            [
              -75.6355319,
              6.281094
            ],
            [
              -75.6357543,
              6.2811515
            ],
            [
              -75.6358212,
              6.2808502
            ]
          ]
        ]
      },
      "id": "way/157006509"
    },
    {
      "type": "Feature",
      "properties": {
        "@id": "way/169018851",
        "leisure": "sports_centre",
        "name": "INDER San Javier"
      },
      "geometry": {
        "type": "Polygon",
        "coordinates": [
          [
            [
              -75.6136189,
              6.2559801
            ],
            [
              -75.6136624,
              6.2559474
            ],
            [
              -75.6137376,
              6.2558786
            ],
            [
              -75.6135079,
              6.255753
            ],
            [
              -75.6133122,
              6.2556699
            ],
            [
              -75.6132114,
              6.255609
            ],
            [
              -75.6131135,
              6.2555693
            ],
            [
              -75.6130028,
              6.2555324
            ],
            [
              -75.6129168,
              6.2556958
            ],
            [
              -75.6128955,
              6.2559288
            ],
            [
              -75.613379,
              6.2561818
            ],
            [
              -75.6136189,
              6.2559801
            ]
          ]
        ]
      },
      "id": "way/169018851"
    },
    {
      "type": "Feature",
      "properties": {
        "@id": "way/197222813",
        "leisure": "sports_centre",
        "name": "La raza",
        "sport": "multi"
      },
      "geometry": {
        "type": "Polygon",
        "coordinates": [
          [
            [
              -75.5822332,
              6.2944006
            ],
            [
              -75.582136,
              6.2941835
            ],
            [
              -75.5818515,
              6.2943151
            ],
            [
              -75.581944,
              6.2945259
            ],
            [
              -75.5822332,
              6.2944006
            ]
          ]
        ]
      },
      "id": "way/197222813"
    },
    {
      "type": "Feature",
      "properties": {
        "@id": "way/208273709",
        "addr:city": "Envigado",
        "addr:housenumber": "36 sur 37",
        "addr:street": "Carrera 41",
        "building": "school",
        "leisure": "sports_centre",
        "name": "Anyus Dojo",
        "source": "AnyusDojo.com"
      },
      "geometry": {
        "type": "Polygon",
        "coordinates": [
          [
            [
              -75.586005,
              6.1701263
            ],
            [
              -75.5859735,
              6.1701754
            ],
            [
              -75.586119,
              6.1702679
            ],
            [
              -75.5861505,
              6.1702188
            ],
            [
              -75.586005,
              6.1701263
            ]
          ]
        ]
      },
      "id": "way/208273709"
    },
    {
      "type": "Feature",
      "properties": {
        "@id": "way/218898995",
        "building": "public",
        "leisure": "sports_centre",
        "name": "Coliseo cubierto Iván de Bedout",
        "sport": "multi"
      },
      "geometry": {
        "type": "Polygon",
        "coordinates": [
          [
            [
              -75.5882301,
              6.255876
            ],
            [
              -75.5875439,
              6.2561407
            ],
            [
              -75.5874897,
              6.2561616
            ],
            [
              -75.5875188,
              6.2562362
            ],
            [
              -75.5874198,
              6.2562744
            ],
            [
              -75.5874487,
              6.2563484
            ],
            [
              -75.5875326,
              6.256316
            ],
            [
              -75.5875616,
              6.2563905
            ],
            [
              -75.5874387,
              6.2564379
            ],
            [
              -75.5874678,
              6.2565125
            ],
            [
              -75.5873386,
              6.2565624
            ],
            [
              -75.5873671,
              6.2566355
            ],
            [
              -75.587512,
              6.2565796
            ],
            [
              -75.5875339,
              6.2565712
            ],
            [
              -75.587564,
              6.2566483
            ],
            [
              -75.5873146,
              6.2567445
            ],
            [
              -75.5873404,
              6.2568108
            ],
            [
              -75.5873434,
              6.2568183
            ],
            [
              -75.5875493,
              6.2567389
            ],
            [
              -75.5875586,
              6.2567627
            ],
            [
              -75.5875746,
              6.2568037
            ],
            [
              -75.5875788,
              6.2568144
            ],
            [
              -75.5877066,
              6.2567651
            ],
            [
              -75.587741,
              6.2568533
            ],
            [
              -75.5878314,
              6.2568184
            ],
            [
              -75.5878565,
              6.2568828
            ],
            [
              -75.5885694,
              6.2566078
            ],
            [
              -75.5885663,
              6.2565997
            ],
            [
              -75.5885462,
              6.2565483
            ],
            [
              -75.5885385,
              6.2565286
            ],
            [
              -75.5884919,
              6.2565465
            ],
            [
              -75.588465,
              6.2564776
            ],
            [
              -75.5882301,
              6.255876
            ]
          ]
        ]
      },
      "id": "way/218898995"
    },
    {
      "type": "Feature",
      "properties": {
        "@id": "way/218898997",
        "building": "public",
        "leisure": "sports_centre",
        "name": "Coliseo de Voleibol y Artes Marciales Mixtas",
        "sport": "volleyball"
      },
      "geometry": {
        "type": "Polygon",
        "coordinates": [
          [
            [
              -75.5889601,
              6.2546434
            ],
            [
              -75.5884688,
              6.2548329
            ],
            [
              -75.5884363,
              6.2548454
            ],
            [
              -75.5883123,
              6.2548932
            ],
            [
              -75.5882564,
              6.2549148
            ],
            [
              -75.58828,
              6.2549753
            ],
            [
              -75.5882832,
              6.2549836
            ],
            [
              -75.5883481,
              6.2549585
            ],
            [
              -75.5884629,
              6.2549141
            ],
            [
              -75.588495,
              6.2549017
            ],
            [
              -75.5885287,
              6.2549881
            ],
            [
              -75.5885576,
              6.255062
            ],
            [
              -75.5885251,
              6.2550746
            ],
            [
              -75.5879775,
              6.2552858
            ],
            [
              -75.5880046,
              6.2553551
            ],
            [
              -75.5879054,
              6.2553933
            ],
            [
              -75.5879102,
              6.2554055
            ],
            [
              -75.5879287,
              6.255453
            ],
            [
              -75.5879319,
              6.2554611
            ],
            [
              -75.588027,
              6.2554245
            ],
            [
              -75.5880587,
              6.2555058
            ],
            [
              -75.5879225,
              6.2555583
            ],
            [
              -75.5879494,
              6.2556274
            ],
            [
              -75.5880849,
              6.2555752
            ],
            [
              -75.5881146,
              6.2556514
            ],
            [
              -75.5878516,
              6.2557529
            ],
            [
              -75.587882,
              6.2558308
            ],
            [
              -75.5881484,
              6.255728
            ],
            [
              -75.5881787,
              6.2558055
            ],
            [
              -75.5887264,
              6.2555942
            ],
            [
              -75.5892539,
              6.2553907
            ],
            [
              -75.5893054,
              6.2553708
            ],
            [
              -75.5892748,
              6.2552925
            ],
            [
              -75.5892857,
              6.2552883
            ],
            [
              -75.5893525,
              6.2552625
            ],
            [
              -75.5893217,
              6.2551836
            ],
            [
              -75.5892869,
              6.2551971
            ],
            [
              -75.5892675,
              6.2552046
            ],
            [
              -75.5892482,
              6.255212
            ],
            [
              -75.5891929,
              6.2550704
            ],
            [
              -75.5892372,
              6.2550533
            ],
            [
              -75.5892716,
              6.25504
            ],
            [
              -75.5892867,
              6.2550342
            ],
            [
              -75.5892547,
              6.2549523
            ],
            [
              -75.5892149,
              6.2549676
            ],
            [
              -75.5891667,
              6.2549862
            ],
            [
              -75.5891365,
              6.2549088
            ],
            [
              -75.5891815,
              6.2548915
            ],
            [
              -75.5892172,
              6.2548777
            ],
            [
              -75.5892421,
              6.2548681
            ],
            [
              -75.5892102,
              6.2547865
            ],
            [
              -75.589166,
              6.2548035
            ],
            [
              -75.5891407,
              6.2548133
            ],
            [
              -75.5891025,
              6.2548281
            ],
            [
              -75.5890471,
              6.2546862
            ],
            [
              -75.5890739,
              6.2546759
            ],
            [
              -75.5890874,
              6.2546707
            ],
            [
              -75.5891302,
              6.2546542
            ],
            [
              -75.5891043,
              6.2545878
            ],
            [
              -75.5890434,
              6.2546113
            ],
            [
              -75.5889939,
              6.2546304
            ],
            [
              -75.5889601,
              6.2546434
            ]
          ]
        ]
      },
      "id": "way/218898997"
    },
    {
      "type": "Feature",
      "properties": {
        "@id": "way/230626221",
        "building": "sports_centre",
        "designation": "Coliseo Nuevo Universida de Antioquia",
        "leisure": "sports_centre",
        "name": "Bloque 27 - Coliseo Universitario",
        "source": "https://portal.udea.edu.co/wps/portal/udea/web/inicio/institucional/campus/nuestros-campus-medellin/ciudad-universitaria",
        "sport": "soccer;basketball;volleyball;handball"
      },
      "geometry": {
        "type": "Polygon",
        "coordinates": [
          [
            [
              -75.5684651,
              6.2692152
            ],
            [
              -75.5684493,
              6.2692135
            ],
            [
              -75.5679929,
              6.2691646
            ],
            [
              -75.5679774,
              6.269163
            ],
            [
              -75.5679649,
              6.2692796
            ],
            [
              -75.56793,
              6.2696057
            ],
            [
              -75.5679181,
              6.2697168
            ],
            [
              -75.5679335,
              6.2697185
            ],
            [
              -75.5683899,
              6.2697674
            ],
            [
              -75.5684058,
              6.2697691
            ],
            [
              -75.5684178,
              6.2696572
            ],
            [
              -75.5684526,
              6.2693319
            ],
            [
              -75.5684651,
              6.2692152
            ]
          ]
        ]
      },
      "id": "way/230626221"
    },
    {
      "type": "Feature",
      "properties": {
        "@id": "way/233421249",
        "building": "yes",
        "leisure": "sports_centre",
        "name": "Autogol",
        "sport": "soccer"
      },
      "geometry": {
        "type": "Polygon",
        "coordinates": [
          [
            [
              -75.5819786,
              6.2566818
            ],
            [
              -75.581824,
              6.2566116
            ],
            [
              -75.5817319,
              6.2565645
            ],
            [
              -75.5815817,
              6.2568951
            ],
            [
              -75.5818445,
              6.2570125
            ],
            [
              -75.5819786,
              6.2566818
            ]
          ]
        ]
      },
      "id": "way/233421249"
    },
    {
      "type": "Feature",
      "properties": {
        "@id": "way/265813628",
        "leisure": "sports_centre",
        "name": "Placa deportiva kennedy"
      },
      "geometry": {
        "type": "Polygon",
        "coordinates": [
          [
            [
              -75.5817521,
              6.289748
            ],
            [
              -75.5818168,
              6.2895355
            ],
            [
              -75.5818312,
              6.2894881
            ],
            [
              -75.5816184,
              6.2894338
            ],
            [
              -75.5815758,
              6.2897057
            ],
            [
              -75.5817521,
              6.289748
            ]
          ]
        ]
      },
      "id": "way/265813628"
    },
    {
      "type": "Feature",
      "properties": {
        "@id": "way/303549247",
        "area": "yes",
        "leisure": "sports_centre",
        "name": "Gimnasio"
      },
      "geometry": {
        "type": "Polygon",
        "coordinates": [
          [
            [
              -75.6211699,
              6.15
            ],
            [
              -75.6211611,
              6.1500528
            ],
            [
              -75.6212009,
              6.1500983
            ],
            [
              -75.6212954,
              6.1499897
            ],
            [
              -75.6212349,
              6.1499369
            ],
            [
              -75.6211699,
              6.15
            ]
          ]
        ]
      },
      "id": "way/303549247"
    },
    {
      "type": "Feature",
      "properties": {
        "@id": "way/314773482",
        "building": "university",
        "building:levels": "1",
        "leisure": "sports_centre",
        "name": "Polideportivo de la UPB",
        "sport": "multi"
      },
      "geometry": {
        "type": "Polygon",
        "coordinates": [
          [
            [
              -75.5907464,
              6.2420353
            ],
            [
              -75.5907304,
              6.2416016
            ],
            [
              -75.5905949,
              6.2414608
            ],
            [
              -75.5903361,
              6.2414669
            ],
            [
              -75.5902046,
              6.2415972
            ],
            [
              -75.5902217,
              6.2420611
            ],
            [
              -75.5903249,
              6.2420574
            ],
            [
              -75.5903293,
              6.2421784
            ],
            [
              -75.5906253,
              6.2421676
            ],
            [
              -75.5906206,
              6.2420399
            ],
            [
              -75.5907464,
              6.2420353
            ]
          ]
        ]
      },
      "id": "way/314773482"
    },
    {
      "type": "Feature",
      "properties": {
        "@id": "way/320914821",
        "building": "yes",
        "is_in": "Universidad EAFIT",
        "layer": "1",
        "leisure": "sports_centre",
        "name": "Gimnasio VIVO"
      },
      "geometry": {
        "type": "Polygon",
        "coordinates": [
          [
            [
              -75.5779946,
              6.1988055
            ],
            [
              -75.577929,
              6.1989453
            ],
            [
              -75.5779196,
              6.1990582
            ],
            [
              -75.578185,
              6.19906
            ],
            [
              -75.5782009,
              6.198812
            ],
            [
              -75.5779946,
              6.1988055
            ]
          ]
        ]
      },
      "id": "way/320914821"
    },
    {
      "type": "Feature",
      "properties": {
        "@id": "way/329794535",
        "addr:city": "Medellin",
        "addr:housenumber": "32 -125",
        "addr:postcode": "050030",
        "addr:street": "Diagonal 74B",
        "leisure": "sports_centre",
        "name": "Altitud",
        "sport": "climbing"
      },
      "geometry": {
        "type": "Polygon",
        "coordinates": [
          [
            [
              -75.5948251,
              6.2349302
            ],
            [
              -75.5946727,
              6.2347774
            ],
            [
              -75.5946574,
              6.2347621
            ],
            [
              -75.5946111,
              6.2348077
            ],
            [
              -75.5947376,
              6.2349351
            ],
            [
              -75.5947784,
              6.2349762
            ],
            [
              -75.5948251,
              6.2349302
            ]
          ]
        ]
      },
      "id": "way/329794535"
    },
    {
      "type": "Feature",
      "properties": {
        "@id": "way/339232485",
        "leisure": "sports_centre",
        "name": "Gimnasio al aire libre Inder"
      },
      "geometry": {
        "type": "Polygon",
        "coordinates": [
          [
            [
              -75.5435139,
              6.2954408
            ],
            [
              -75.5434559,
              6.2954684
            ],
            [
              -75.5435133,
              6.2955857
            ],
            [
              -75.5435714,
              6.2955581
            ],
            [
              -75.5435514,
              6.2955186
            ],
            [
              -75.5435139,
              6.2954408
            ]
          ]
        ]
      },
      "id": "way/339232485"
    },
    {
      "type": "Feature",
      "properties": {
        "@id": "way/355199713",
        "leisure": "sports_centre",
        "name": "Cancha los Alcazares",
        "sport": "multi"
      },
      "geometry": {
        "type": "Polygon",
        "coordinates": [
          [
            [
              -75.6054438,
              6.260124
            ],
            [
              -75.6053432,
              6.2598786
            ],
            [
              -75.6052061,
              6.2599331
            ],
            [
              -75.6053036,
              6.2601815
            ],
            [
              -75.6054438,
              6.260124
            ]
          ]
        ]
      },
      "id": "way/355199713"
    },
    {
      "type": "Feature",
      "properties": {
        "@id": "way/364181004",
        "leisure": "sports_centre",
        "name": "Polideportivo",
        "sport": "multi"
      },
      "geometry": {
        "type": "Polygon",
        "coordinates": [
          [
            [
              -75.5771737,
              6.2649478
            ],
            [
              -75.5770521,
              6.2649055
            ],
            [
              -75.5770288,
              6.2648644
            ],
            [
              -75.5769893,
              6.2647948
            ],
            [
              -75.5768753,
              6.26485
            ],
            [
              -75.5767198,
              6.2648082
            ],
            [
              -75.576562,
              6.2652671
            ],
            [
              -75.5766288,
              6.2653736
            ],
            [
              -75.5769099,
              6.2654642
            ],
            [
              -75.577038,
              6.2653977
            ],
            [
              -75.5771737,
              6.2649478
            ]
          ]
        ]
      },
      "id": "way/364181004"
    },
    {
      "type": "Feature",
      "properties": {
        "@id": "way/367155706",
        "building": "stadium",
        "leisure": "sports_centre",
        "name": "Bloque 1 - Coliseo",
        "nohousenumber": "yes",
        "sport": "basketball;soccer"
      },
      "geometry": {
        "type": "Polygon",
        "coordinates": [
          [
            [
              -75.6101217,
              6.2303752
            ],
            [
              -75.6100504,
              6.2309388
            ],
            [
              -75.6102628,
              6.2309654
            ],
            [
              -75.6104423,
              6.2309878
            ],
            [
              -75.6104523,
              6.230909
            ],
            [
              -75.6105229,
              6.2309178
            ],
            [
              -75.6105396,
              6.2307854
            ],
            [
              -75.6105738,
              6.2305166
            ],
            [
              -75.6105029,
              6.2305077
            ],
            [
              -75.6105135,
              6.2304242
            ],
            [
              -75.6101217,
              6.2303752
            ]
          ]
        ]
      },
      "id": "way/367155706"
    },
    {
      "type": "Feature",
      "properties": {
        "@id": "way/380591402",
        "leisure": "sports_centre",
        "name": "Cancha Polideportiva Metropolitano",
        "sport": "multi"
      },
      "geometry": {
        "type": "Polygon",
        "coordinates": [
          [
            [
              -75.6076146,
              6.2636618
            ],
            [
              -75.6074965,
              6.2633917
            ],
            [
              -75.6073385,
              6.2634657
            ],
            [
              -75.6074667,
              6.2637332
            ],
            [
              -75.6076146,
              6.2636618
            ]
          ]
        ]
      },
      "id": "way/380591402"
    },
    {
      "type": "Feature",
      "properties": {
        "@id": "way/380638955",
        "leisure": "sports_centre",
        "name": "Polideportivo la Campiña",
        "sport": "multi"
      },
      "geometry": {
        "type": "Polygon",
        "coordinates": [
          [
            [
              -75.6088909,
              6.2591079
            ],
            [
              -75.6089027,
              6.2590962
            ],
            [
              -75.6088597,
              6.2590114
            ],
            [
              -75.6088082,
              6.2589224
            ],
            [
              -75.6087339,
              6.2589487
            ],
            [
              -75.6084944,
              6.2590427
            ],
            [
              -75.6083006,
              6.2591238
            ],
            [
              -75.6082654,
              6.2591452
            ],
            [
              -75.608379,
              6.2594817
            ],
            [
              -75.6084329,
              6.2595434
            ],
            [
              -75.608488,
              6.2595527
            ],
            [
              -75.6088909,
              6.2591079
            ]
          ]
        ]
      },
      "id": "way/380638955"
    },
    {
      "type": "Feature",
      "properties": {
        "@id": "way/418632082",
        "leisure": "sports_centre",
        "name": "Indeportes Antioquia - Liga de Natación",
        "sport": "swimming"
      },
      "geometry": {
        "type": "Polygon",
        "coordinates": [
          [
            [
              -75.571619,
              6.3012767
            ],
            [
              -75.5712575,
              6.3019877
            ],
            [
              -75.5715919,
              6.3021522
            ],
            [
              -75.5716078,
              6.3021207
            ],
            [
              -75.5717752,
              6.3017898
            ],
            [
              -75.5718053,
              6.3017304
            ],
            [
              -75.5717002,
              6.3016778
            ],
            [
              -75.5718469,
              6.3013879
            ],
            [
              -75.571619,
              6.3012767
            ]
          ]
        ]
      },
      "id": "way/418632082"
    },
    {
      "type": "Feature",
      "properties": {
        "@id": "way/428270439",
        "description": "Gimnasio al aire libre",
        "leisure": "fitness_station",
        "opening_hours": "24/7",
        "operator": "INDER",
        "wheelchair": "no"
      },
      "geometry": {
        "type": "Polygon",
        "coordinates": [
          [
            [
              -75.5700097,
              6.3029853
            ],
            [
              -75.569955,
              6.3029192
            ],
            [
              -75.5698707,
              6.3029881
            ],
            [
              -75.5699254,
              6.3030542
            ],
            [
              -75.5700097,
              6.3029853
            ]
          ]
        ]
      },
      "id": "way/428270439"
    },
    {
      "type": "Feature",
      "properties": {
        "@id": "way/431712542",
        "addr:city": "Medellín",
        "building": "yes",
        "leisure": "sports_centre",
        "name": "Coliseo de Gimnasia Jorge Hugo Giraldo",
        "sport": "gymnastics"
      },
      "geometry": {
        "type": "Polygon",
        "coordinates": [
          [
            [
              -75.5888588,
              6.2557158
            ],
            [
              -75.5883594,
              6.2559085
            ],
            [
              -75.5885663,
              6.2564385
            ],
            [
              -75.5890892,
              6.2562368
            ],
            [
              -75.5890588,
              6.2561591
            ],
            [
              -75.5891603,
              6.25612
            ],
            [
              -75.5891313,
              6.2560457
            ],
            [
              -75.5890368,
              6.2560822
            ],
            [
              -75.5890056,
              6.2560024
            ],
            [
              -75.5890941,
              6.2559682
            ],
            [
              -75.5890655,
              6.255895
            ],
            [
              -75.5891001,
              6.2558817
            ],
            [
              -75.5890713,
              6.2558077
            ],
            [
              -75.5889546,
              6.2558527
            ],
            [
              -75.5889236,
              6.2557733
            ],
            [
              -75.5890076,
              6.2557409
            ],
            [
              -75.5889797,
              6.2556692
            ],
            [
              -75.5888588,
              6.2557158
            ]
          ]
        ]
      },
      "id": "way/431712542"
    },
    {
      "type": "Feature",
      "properties": {
        "@id": "way/440087513",
        "building": "yes",
        "leisure": "sports_centre",
        "name": "Coliseo del Inder"
      },
      "geometry": {
        "type": "Polygon",
        "coordinates": [
          [
            [
              -75.5547104,
              6.2681097
            ],
            [
              -75.5547374,
              6.2679521
            ],
            [
              -75.5547149,
              6.2679478
            ],
            [
              -75.5546183,
              6.2679292
            ],
            [
              -75.5544804,
              6.2679074
            ],
            [
              -75.5544724,
              6.2679616
            ],
            [
              -75.5544643,
              6.268017
            ],
            [
              -75.5544569,
              6.2680669
            ],
            [
              -75.5547104,
              6.2681097
            ]
          ]
        ]
      },
      "id": "way/440087513"
    },
    {
      "type": "Feature",
      "properties": {
        "@id": "way/440090330",
        "description": "Polideportivo I.E. Gabriel Restrepo Moreno",
        "leisure": "sports_centre"
      },
      "geometry": {
        "type": "Polygon",
        "coordinates": [
          [
            [
              -75.5483983,
              6.2770207
            ],
            [
              -75.5483922,
              6.277046
            ],
            [
              -75.548643,
              6.277078
            ],
            [
              -75.5486779,
              6.2769167
            ],
            [
              -75.5484224,
              6.2768827
            ],
            [
              -75.5483983,
              6.2770207
            ]
          ]
        ]
      },
      "id": "way/440090330"
    },
    {
      "type": "Feature",
      "properties": {
        "@id": "way/441723550",
        "building": "yes",
        "leisure": "fitness_centre",
        "name": "Smart fit- Los Colores",
        "sport": "gymnastics;fitness"
      },
      "geometry": {
        "type": "Polygon",
        "coordinates": [
          [
            [
              -75.5871145,
              6.2620352
            ],
            [
              -75.5870391,
              6.2619846
            ],
            [
              -75.5869435,
              6.2621347
            ],
            [
              -75.5870144,
              6.2621807
            ],
            [
              -75.5871145,
              6.2620352
            ]
          ]
        ]
      },
      "id": "way/441723550"
    },
    {
      "type": "Feature",
      "properties": {
        "@id": "way/442952004",
        "building": "yes",
        "leisure": "fitness_centre",
        "name": "Action Black Sabaneta"
      },
      "geometry": {
        "type": "Polygon",
        "coordinates": [
          [
            [
              -75.6058071,
              6.1600368
            ],
            [
              -75.6056996,
              6.159881
            ],
            [
              -75.6055782,
              6.1599637
            ],
            [
              -75.6055486,
              6.159984
            ],
            [
              -75.6056561,
              6.1601397
            ],
            [
              -75.6058071,
              6.1600368
            ]
          ]
        ]
      },
      "id": "way/442952004"
    },
    {
      "type": "Feature",
      "properties": {
        "@id": "way/447241277",
        "addr:street": "Calle 63",
        "building": "yes",
        "leisure": "fitness_centre",
        "name": "Total Fit",
        "source": "Kaart Ground Survey 2018"
      },
      "geometry": {
        "type": "Polygon",
        "coordinates": [
          [
            [
              -75.5946731,
              6.2732216
            ],
            [
              -75.5946884,
              6.2734563
            ],
            [
              -75.5948618,
              6.2734451
            ],
            [
              -75.5948543,
              6.2733311
            ],
            [
              -75.5948464,
              6.2732104
            ],
            [
              -75.5946731,
              6.2732216
            ]
          ]
        ]
      },
      "id": "way/447241277"
    },
    {
      "type": "Feature",
      "properties": {
        "@id": "way/458587749",
        "leisure": "sports_centre",
        "name": "Cancha cubierta"
      },
      "geometry": {
        "type": "Polygon",
        "coordinates": [
          [
            [
              -75.5260236,
              6.2356797
            ],
            [
              -75.5259983,
              6.2359172
            ],
            [
              -75.5261645,
              6.2359347
            ],
            [
              -75.5261898,
              6.2356972
            ],
            [
              -75.5260236,
              6.2356797
            ]
          ]
        ]
      },
      "id": "way/458587749"
    },
    {
      "type": "Feature",
      "properties": {
        "@id": "way/483955862",
        "leisure": "sports_centre",
        "sport": "swimming"
      },
      "geometry": {
        "type": "Polygon",
        "coordinates": [
          [
            [
              -75.5814007,
              6.2800606
            ],
            [
              -75.581464,
              6.2799903
            ],
            [
              -75.581433,
              6.2799627
            ],
            [
              -75.5813697,
              6.280033
            ],
            [
              -75.5814007,
              6.2800606
            ]
          ]
        ]
      },
      "id": "way/483955862"
    },
    {
      "type": "Feature",
      "properties": {
        "@id": "way/490563154",
        "building": "yes",
        "leisure": "fitness_centre",
        "name": "Gimnasio Santillana"
      },
      "geometry": {
        "type": "Polygon",
        "coordinates": [
          [
            [
              -75.5745434,
              6.2030913
            ],
            [
              -75.5747098,
              6.2027621
            ],
            [
              -75.5743185,
              6.2025614
            ],
            [
              -75.5741521,
              6.2028922
            ],
            [
              -75.5745434,
              6.2030913
            ]
          ]
        ]
      },
      "id": "way/490563154"
    },
    {
      "type": "Feature",
      "properties": {
        "@id": "way/504287881",
        "leisure": "fitness_station"
      },
      "geometry": {
        "type": "Polygon",
        "coordinates": [
          [
            [
              -75.5722831,
              6.2981822
            ],
            [
              -75.5723906,
              6.2982343
            ],
            [
              -75.5724265,
              6.2981488
            ],
            [
              -75.5723468,
              6.2980432
            ],
            [
              -75.5722831,
              6.2981822
            ]
          ]
        ]
      },
      "id": "way/504287881"
    },
    {
      "type": "Feature",
      "properties": {
        "@id": "way/520043347",
        "building": "grandstand",
        "leisure": "sports_centre"
      },
      "geometry": {
        "type": "Polygon",
        "coordinates": [
          [
            [
              -75.5931614,
              6.214464
            ],
            [
              -75.592917,
              6.2151437
            ],
            [
              -75.5929941,
              6.2151711
            ],
            [
              -75.5930701,
              6.2151981
            ],
            [
              -75.5931012,
              6.2152092
            ],
            [
              -75.5931183,
              6.2151616
            ],
            [
              -75.5931493,
              6.2151726
            ],
            [
              -75.5933601,
              6.2145865
            ],
            [
              -75.5933312,
              6.2145762
            ],
            [
              -75.5933478,
              6.2145302
            ],
            [
              -75.5933051,
              6.214515
            ],
            [
              -75.5932315,
              6.2144889
            ],
            [
              -75.5931614,
              6.214464
            ]
          ]
        ]
      },
      "id": "way/520043347"
    },
    {
      "type": "Feature",
      "properties": {
        "@id": "way/546256082",
        "leisure": "fitness_station",
        "name": "Gimnasio al aire libre",
        "operator": "INDER"
      },
      "geometry": {
        "type": "Polygon",
        "coordinates": [
          [
            [
              -75.6158468,
              6.2445212
            ],
            [
              -75.6158093,
              6.2444812
            ],
            [
              -75.6157127,
              6.2444546
            ],
            [
              -75.6156564,
              6.2444519
            ],
            [
              -75.6156564,
              6.2444839
            ],
            [
              -75.6157047,
              6.2445026
            ],
            [
              -75.6157368,
              6.2445132
            ],
            [
              -75.6158039,
              6.2445212
            ],
            [
              -75.6158468,
              6.2445212
            ]
          ]
        ]
      },
      "id": "way/546256082"
    },
    {
      "type": "Feature",
      "properties": {
        "@id": "way/546452393",
        "leisure": "fitness_station",
        "name": "Gimnasio al aire libre"
      },
      "geometry": {
        "type": "Polygon",
        "coordinates": [
          [
            [
              -75.6228715,
              6.2443052
            ],
            [
              -75.6226704,
              6.2441079
            ],
            [
              -75.6226355,
              6.2441533
            ],
            [
              -75.6228232,
              6.2443532
            ],
            [
              -75.6228715,
              6.2443052
            ]
          ]
        ]
      },
      "id": "way/546452393"
    },
    {
      "type": "Feature",
      "properties": {
        "@id": "way/548270122",
        "addr:city": "Medellín",
        "addr:housenumber": "38-82",
        "addr:street": "Circular 73 A",
        "building": "yes",
        "building:levels": "2",
        "leisure": "sports_centre",
        "name": "El Muro Escalada Deportiva",
        "opening_hours": "Mo-Th 14:00-22:00, Fr 14:00-20:00, Sa 14:00-18:00",
        "phone": "+57 4 411 1028",
        "sport": "climbing",
        "website": "https://www.elmuroed.com/"
      },
      "geometry": {
        "type": "Polygon",
        "coordinates": [
          [
            [
              -75.5951453,
              6.2429415
            ],
            [
              -75.5950454,
              6.2428295
            ],
            [
              -75.5949921,
              6.2428765
            ],
            [
              -75.595092,
              6.2429885
            ],
            [
              -75.5951453,
              6.2429415
            ]
          ]
        ]
      },
      "id": "way/548270122"
    },
    {
      "type": "Feature",
      "properties": {
        "@id": "way/549014891",
        "building": "yes",
        "leisure": "fitness_centre"
      },
      "geometry": {
        "type": "Polygon",
        "coordinates": [
          [
            [
              -75.6559771,
              6.183834
            ],
            [
              -75.6559875,
              6.1837819
            ],
            [
              -75.6559221,
              6.1837668
            ],
            [
              -75.6559082,
              6.183828
            ],
            [
              -75.6559771,
              6.183834
            ]
          ]
        ]
      },
      "id": "way/549014891"
    },
    {
      "type": "Feature",
      "properties": {
        "@id": "way/550978302",
        "building": "yes",
        "leisure": "fitness_centre",
        "name": "Gimnasio público Barrio Cristóbal - Santa Mónica"
      },
      "geometry": {
        "type": "Polygon",
        "coordinates": [
          [
            [
              -75.6138748,
              6.2509727
            ],
            [
              -75.6139643,
              6.250811
            ],
            [
              -75.6137122,
              6.2506696
            ],
            [
              -75.6136187,
              6.2508131
            ],
            [
              -75.6138748,
              6.2509727
            ]
          ]
        ]
      },
      "id": "way/550978302"
    },
    {
      "type": "Feature",
      "properties": {
        "@id": "way/550983249",
        "access": "private",
        "building": "yes",
        "leisure": "fitness_centre",
        "name": "Gimnasio social"
      },
      "geometry": {
        "type": "Polygon",
        "coordinates": [
          [
            [
              -75.6135276,
              6.2518873
            ],
            [
              -75.6135653,
              6.251827
            ],
            [
              -75.6134988,
              6.2517858
            ],
            [
              -75.613461,
              6.2518462
            ],
            [
              -75.6135276,
              6.2518873
            ]
          ]
        ]
      },
      "id": "way/550983249"
    },
    {
      "type": "Feature",
      "properties": {
        "@id": "way/550995528",
        "building": "yes",
        "leisure": "sports_centre",
        "name": "Polideportivo Barrio La Union -Zea"
      },
      "geometry": {
        "type": "Polygon",
        "coordinates": [
          [
            [
              -75.5727348,
              6.2862583
            ],
            [
              -75.5726999,
              6.2858397
            ],
            [
              -75.5722386,
              6.2858584
            ],
            [
              -75.5722654,
              6.286125
            ],
            [
              -75.5724907,
              6.286221
            ],
            [
              -75.5727348,
              6.2862583
            ]
          ]
        ]
      },
      "id": "way/550995528"
    },
    {
      "type": "Feature",
      "properties": {
        "@id": "way/551115928",
        "building": "yes",
        "leisure": "fitness_centre"
      },
      "geometry": {
        "type": "Polygon",
        "coordinates": [
          [
            [
              -75.5750227,
              6.2557243
            ],
            [
              -75.5750273,
              6.255717
            ],
            [
              -75.5750515,
              6.2557321
            ],
            [
              -75.5750701,
              6.2557027
            ],
            [
              -75.575041,
              6.2556845
            ],
            [
              -75.5750606,
              6.2556535
            ],
            [
              -75.5750884,
              6.2556709
            ],
            [
              -75.5751069,
              6.2556416
            ],
            [
              -75.575078,
              6.2556235
            ],
            [
              -75.5750891,
              6.255606
            ],
            [
              -75.5750195,
              6.2555625
            ],
            [
              -75.5750101,
              6.2555773
            ],
            [
              -75.5749823,
              6.2555599
            ],
            [
              -75.5749614,
              6.2555929
            ],
            [
              -75.5749867,
              6.2556087
            ],
            [
              -75.5749695,
              6.2556359
            ],
            [
              -75.5749454,
              6.2556208
            ],
            [
              -75.574926,
              6.2556515
            ],
            [
              -75.574949,
              6.2556659
            ],
            [
              -75.5749435,
              6.2556747
            ],
            [
              -75.5750227,
              6.2557243
            ]
          ]
        ]
      },
      "id": "way/551115928"
    },
    {
      "type": "Feature",
      "properties": {
        "@id": "way/551126316",
        "building": "yes",
        "leisure": "fitness_centre"
      },
      "geometry": {
        "type": "Polygon",
        "coordinates": [
          [
            [
              -75.612371,
              6.2529105
            ],
            [
              -75.6122973,
              6.2529493
            ],
            [
              -75.6123136,
              6.25298
            ],
            [
              -75.6123873,
              6.2529412
            ],
            [
              -75.612371,
              6.2529105
            ]
          ]
        ]
      },
      "id": "way/551126316"
    },
    {
      "type": "Feature",
      "properties": {
        "@id": "way/552180236",
        "building": "yes",
        "leisure": "sports_centre",
        "name": "Polideportivo"
      },
      "geometry": {
        "type": "Polygon",
        "coordinates": [
          [
            [
              -75.549993,
              6.2454577
            ],
            [
              -75.5501304,
              6.2452719
            ],
            [
              -75.550154,
              6.24524
            ],
            [
              -75.5502375,
              6.2451271
            ],
            [
              -75.550028,
              6.244974
            ],
            [
              -75.5497835,
              6.2453047
            ],
            [
              -75.549993,
              6.2454577
            ]
          ]
        ]
      },
      "id": "way/552180236"
    },
    {
      "type": "Feature",
      "properties": {
        "@id": "way/552419485",
        "leisure": "fitness_station",
        "sport": "fitness"
      },
      "geometry": {
        "type": "Polygon",
        "coordinates": [
          [
            [
              -75.6569678,
              6.1838089
            ],
            [
              -75.6569826,
              6.1836116
            ],
            [
              -75.6569289,
              6.1835996
            ],
            [
              -75.6568914,
              6.1838009
            ],
            [
              -75.6569678,
              6.1838089
            ]
          ]
        ]
      },
      "id": "way/552419485"
    },
    {
      "type": "Feature",
      "properties": {
        "@id": "way/552419486",
        "leisure": "fitness_station",
        "sport": "fitness"
      },
      "geometry": {
        "type": "Polygon",
        "coordinates": [
          [
            [
              -75.6540062,
              6.1857391
            ],
            [
              -75.6540109,
              6.1856605
            ],
            [
              -75.654021,
              6.1854964
            ],
            [
              -75.653962,
              6.1854938
            ],
            [
              -75.6539512,
              6.1857364
            ],
            [
              -75.6540062,
              6.1857391
            ]
          ]
        ]
      },
      "id": "way/552419486"
    },
    {
      "type": "Feature",
      "properties": {
        "@id": "way/569376204",
        "leisure": "fitness_station",
        "sport": "fitness"
      },
      "geometry": {
        "type": "Polygon",
        "coordinates": [
          [
            [
              -75.58819,
              6.235388
            ],
            [
              -75.5881757,
              6.2350871
            ],
            [
              -75.5879795,
              6.2350963
            ],
            [
              -75.5879938,
              6.2353972
            ],
            [
              -75.58819,
              6.235388
            ]
          ]
        ]
      },
      "id": "way/569376204"
    },
    {
      "type": "Feature",
      "properties": {
        "@id": "way/573380099",
        "leisure": "sports_centre"
      },
      "geometry": {
        "type": "Polygon",
        "coordinates": [
          [
            [
              -75.5780753,
              6.2056328
            ],
            [
              -75.5781327,
              6.2052286
            ],
            [
              -75.5778512,
              6.2051891
            ],
            [
              -75.5777939,
              6.2055933
            ],
            [
              -75.5780753,
              6.2056328
            ]
          ]
        ]
      },
      "id": "way/573380099"
    },
    {
      "type": "Feature",
      "properties": {
        "@id": "way/573380107",
        "leisure": "sports_centre"
      },
      "geometry": {
        "type": "Polygon",
        "coordinates": [
          [
            [
              -75.5774856,
              6.2064452
            ],
            [
              -75.5775185,
              6.2061079
            ],
            [
              -75.5772762,
              6.2060845
            ],
            [
              -75.5772433,
              6.2064218
            ],
            [
              -75.5774856,
              6.2064452
            ]
          ]
        ]
      },
      "id": "way/573380107"
    },
    {
      "type": "Feature",
      "properties": {
        "@id": "way/578943788",
        "leisure": "fitness_station",
        "sport": "fitness"
      },
      "geometry": {
        "type": "Polygon",
        "coordinates": [
          [
            [
              -75.5446827,
              6.2653142
            ],
            [
              -75.5447316,
              6.2652081
            ],
            [
              -75.544692,
              6.26519
            ],
            [
              -75.5446431,
              6.2652962
            ],
            [
              -75.5446827,
              6.2653142
            ]
          ]
        ]
      },
      "id": "way/578943788"
    },
    {
      "type": "Feature",
      "properties": {
        "@id": "way/634031214",
        "building": "yes",
        "leisure": "sports_centre",
        "name": "Centro de Alto Rendimiento"
      },
      "geometry": {
        "type": "Polygon",
        "coordinates": [
          [
            [
              -75.4252343,
              6.2455636
            ],
            [
              -75.4250965,
              6.2452015
            ],
            [
              -75.4246225,
              6.245371
            ],
            [
              -75.4247626,
              6.2457354
            ],
            [
              -75.4252343,
              6.2455636
            ]
          ]
        ]
      },
      "id": "way/634031214"
    },
    {
      "type": "Feature",
      "properties": {
        "@id": "way/634031215",
        "leisure": "sports_centre",
        "name": "Sede Deportiva de Atlético Nacional"
      },
      "geometry": {
        "type": "Polygon",
        "coordinates": [
          [
            [
              -75.4236994,
              6.2479531
            ],
            [
              -75.4237448,
              6.2479459
            ],
            [
              -75.4240809,
              6.2478153
            ],
            [
              -75.4241795,
              6.247812
            ],
            [
              -75.4242803,
              6.2477857
            ],
            [
              -75.424257,
              6.2477364
            ],
            [
              -75.4243067,
              6.2477204
            ],
            [
              -75.4244026,
              6.2476932
            ],
            [
              -75.424453,
              6.2477749
            ],
            [
              -75.4261181,
              6.2462516
            ],
            [
              -75.4254395,
              6.2452251
            ],
            [
              -75.4247099,
              6.2444039
            ],
            [
              -75.4243505,
              6.2437613
            ],
            [
              -75.4234734,
              6.2446092
            ],
            [
              -75.4242218,
              6.2452864
            ],
            [
              -75.4235291,
              6.2467429
            ],
            [
              -75.4232112,
              6.2470329
            ],
            [
              -75.4236994,
              6.2479531
            ]
          ]
        ]
      },
      "id": "way/634031215"
    },
    {
      "type": "Feature",
      "properties": {
        "@id": "way/644515633",
        "leisure": "sports_centre",
        "name": "Escuela de bicicross ditaires",
        "sport": "bmx"
      },
      "geometry": {
        "type": "Polygon",
        "coordinates": [
          [
            [
              -75.6270205,
              6.1680297
            ],
            [
              -75.626992,
              6.1678579
            ],
            [
              -75.6266058,
              6.1674618
            ],
            [
              -75.626372,
              6.1674275
            ],
            [
              -75.6262846,
              6.1684218
            ],
            [
              -75.626429,
              6.1684481
            ],
            [
              -75.6269615,
              6.1681692
            ],
            [
              -75.6270205,
              6.1680297
            ]
          ]
        ]
      },
      "id": "way/644515633"
    },
    {
      "type": "Feature",
      "properties": {
        "@id": "way/644519677",
        "building": "field",
        "leisure": "sports_centre",
        "name": "Cancha colina de asis",
        "sport": "soccer;basketball"
      },
      "geometry": {
        "type": "Polygon",
        "coordinates": [
          [
            [
              -75.6343668,
              6.1713704
            ],
            [
              -75.6342712,
              6.1711723
            ],
            [
              -75.6341452,
              6.1712208
            ],
            [
              -75.6342428,
              6.1714249
            ],
            [
              -75.6343668,
              6.1713704
            ]
          ]
        ]
      },
      "id": "way/644519677"
    },
    {
      "type": "Feature",
      "properties": {
        "@id": "way/644519679",
        "leisure": "sports_centre",
        "name": "Cancha Barcelona"
      },
      "geometry": {
        "type": "Polygon",
        "coordinates": [
          [
            [
              -75.6336086,
              6.1693353
            ],
            [
              -75.633511,
              6.1692888
            ],
            [
              -75.6334399,
              6.1694626
            ],
            [
              -75.6335456,
              6.1695071
            ],
            [
              -75.6336086,
              6.1693353
            ]
          ]
        ]
      },
      "id": "way/644519679"
    },
    {
      "type": "Feature",
      "properties": {
        "@id": "way/678218627",
        "addr:city": "Sabaneta Antioquia",
        "addr:street": "Calle 56 Sur",
        "leisure": "sports_centre",
        "name": "Centro Ambiental, Cultural y Deportivo Maria Auxiliadora"
      },
      "geometry": {
        "type": "Polygon",
        "coordinates": [
          [
            [
              -75.605074,
              6.1565507
            ],
            [
              -75.605411,
              6.1562136
            ],
            [
              -75.6052289,
              6.1560735
            ],
            [
              -75.605153,
              6.1560151
            ],
            [
              -75.6047683,
              6.1563873
            ],
            [
              -75.605074,
              6.1565507
            ]
          ]
        ]
      },
      "id": "way/678218627"
    },
    {
      "type": "Feature",
      "properties": {
        "@id": "way/684679275",
        "fitness_station": "yes",
        "leisure": "fitness_station",
        "sport": "fitness"
      },
      "geometry": {
        "type": "Polygon",
        "coordinates": [
          [
            [
              -75.6066785,
              6.1522883
            ],
            [
              -75.6067582,
              6.152239
            ],
            [
              -75.6067192,
              6.1521774
            ],
            [
              -75.6066343,
              6.1522249
            ],
            [
              -75.6066785,
              6.1522883
            ]
          ]
        ]
      },
      "id": "way/684679275"
    },
    {
      "type": "Feature",
      "properties": {
        "@id": "way/755137673",
        "building": "yes",
        "leisure": "fitness_centre",
        "name": "Bodytech"
      },
      "geometry": {
        "type": "Polygon",
        "coordinates": [
          [
            [
              -75.5960132,
              6.2341266
            ],
            [
              -75.5960119,
              6.2340412
            ],
            [
              -75.596009,
              6.2339598
            ],
            [
              -75.5960057,
              6.2338684
            ],
            [
              -75.5960014,
              6.2337485
            ],
            [
              -75.5958598,
              6.2337557
            ],
            [
              -75.5958714,
              6.2340148
            ],
            [
              -75.5958587,
              6.2340928
            ],
            [
              -75.5958624,
              6.2341209
            ],
            [
              -75.5958639,
              6.234132
            ],
            [
              -75.5960132,
              6.2341266
            ]
          ]
        ]
      },
      "id": "way/755137673"
    },
    {
      "type": "Feature",
      "properties": {
        "@id": "way/758751290",
        "leisure": "fitness_station",
        "sport": "fitness"
      },
      "geometry": {
        "type": "Polygon",
        "coordinates": [
          [
            [
              -75.6534255,
              6.1811728
            ],
            [
              -75.6534424,
              6.181084
            ],
            [
              -75.6533992,
              6.181073
            ],
            [
              -75.6533747,
              6.1811623
            ],
            [
              -75.6534255,
              6.1811728
            ]
          ]
        ]
      },
      "id": "way/758751290"
    },
    {
      "type": "Feature",
      "properties": {
        "@id": "way/775955657",
        "branch": "Laureles",
        "brand": "Bodytech",
        "brand:wikidata": "Q16538274",
        "building": "yes",
        "leisure": "fitness_centre",
        "name": "Bodytech"
      },
      "geometry": {
        "type": "Polygon",
        "coordinates": [
          [
            [
              -75.5869276,
              6.2380796
            ],
            [
              -75.5869246,
              6.2377941
            ],
            [
              -75.5864713,
              6.2378154
            ],
            [
              -75.5864698,
              6.2376438
            ],
            [
              -75.5863415,
              6.2376455
            ],
            [
              -75.5863305,
              6.2376456
            ],
            [
              -75.5863317,
              6.237694
            ],
            [
              -75.5863334,
              6.2377601
            ],
            [
              -75.5863355,
              6.2378387
            ],
            [
              -75.5863378,
              6.2379192
            ],
            [
              -75.5863397,
              6.2379862
            ],
            [
              -75.5863416,
              6.2380552
            ],
            [
              -75.5863435,
              6.238122
            ],
            [
              -75.5863456,
              6.2382076
            ],
            [
              -75.5863473,
              6.2382693
            ],
            [
              -75.5863488,
              6.2383238
            ],
            [
              -75.586476,
              6.2383195
            ],
            [
              -75.5864683,
              6.2380952
            ],
            [
              -75.5869276,
              6.2380796
            ]
          ]
        ]
      },
      "id": "way/775955657"
    },
    {
      "type": "Feature",
      "properties": {
        "@id": "way/776819300",
        "leisure": "sports_centre"
      },
      "geometry": {
        "type": "Polygon",
        "coordinates": [
          [
            [
              -75.581647,
              6.2806179
            ],
            [
              -75.5815387,
              6.2804756
            ],
            [
              -75.5813379,
              6.2806265
            ],
            [
              -75.5814462,
              6.2807688
            ],
            [
              -75.581647,
              6.2806179
            ]
          ]
        ]
      },
      "id": "way/776819300"
    },
    {
      "type": "Feature",
      "properties": {
        "@id": "way/776819301",
        "leisure": "sports_centre"
      },
      "geometry": {
        "type": "Polygon",
        "coordinates": [
          [
            [
              -75.5814702,
              6.2804476
            ],
            [
              -75.5813331,
              6.28021
            ],
            [
              -75.5811686,
              6.2803038
            ],
            [
              -75.5813058,
              6.2805413
            ],
            [
              -75.5814702,
              6.2804476
            ]
          ]
        ]
      },
      "id": "way/776819301"
    },
    {
      "type": "Feature",
      "properties": {
        "@id": "way/777348909",
        "leisure": "sports_centre"
      },
      "geometry": {
        "type": "Polygon",
        "coordinates": [
          [
            [
              -75.6134512,
              6.1508181
            ],
            [
              -75.6135692,
              6.1506875
            ],
            [
              -75.6132312,
              6.1504288
            ],
            [
              -75.6131427,
              6.1505035
            ],
            [
              -75.6132393,
              6.1506421
            ],
            [
              -75.6134512,
              6.1508181
            ]
          ]
        ]
      },
      "id": "way/777348909"
    },
    {
      "type": "Feature",
      "properties": {
        "@id": "way/784346547",
        "leisure": "sports_centre",
        "name": "Cancha Sintetica San Nicolás"
      },
      "geometry": {
        "type": "Polygon",
        "coordinates": [
          [
            [
              -75.5556521,
              6.289184
            ],
            [
              -75.5557247,
              6.2887812
            ],
            [
              -75.555422,
              6.2887377
            ],
            [
              -75.5553374,
              6.2891129
            ],
            [
              -75.5556521,
              6.289184
            ]
          ]
        ]
      },
      "id": "way/784346547"
    },
    {
      "type": "Feature",
      "properties": {
        "@id": "way/784631764",
        "leisure": "fitness_station",
        "opening_hours": "24/7",
        "sport": "fitness"
      },
      "geometry": {
        "type": "Polygon",
        "coordinates": [
          [
            [
              -75.5595595,
              6.2812046
            ],
            [
              -75.559825,
              6.2809433
            ],
            [
              -75.560002,
              6.2805594
            ],
            [
              -75.5598089,
              6.2804874
            ],
            [
              -75.5596721,
              6.280722
            ],
            [
              -75.5595621,
              6.28077
            ],
            [
              -75.559538,
              6.280946
            ],
            [
              -75.5594683,
              6.2810579
            ],
            [
              -75.5595595,
              6.2812046
            ]
          ]
        ]
      },
      "id": "way/784631764"
    },
    {
      "type": "Feature",
      "properties": {
        "@id": "way/784632334",
        "addr:city": "El Poblado",
        "addr:housenumber": "#1A Sur 45",
        "addr:postcode": "050022",
        "addr:street": "Carrera 25A",
        "branch": "El Tesoro",
        "brand": "Smart Fit",
        "brand:wikidata": "Q30930959",
        "building": "yes",
        "internet_access": "wlan",
        "leisure": "fitness_centre",
        "level": "3",
        "name": "Smart Fit El Tesoro"
      },
      "geometry": {
        "type": "Polygon",
        "coordinates": [
          [
            [
              -75.5626912,
              6.1962727
            ],
            [
              -75.5627101,
              6.1962344
            ],
            [
              -75.5627426,
              6.1962501
            ],
            [
              -75.5627833,
              6.1961673
            ],
            [
              -75.5627546,
              6.1961534
            ],
            [
              -75.5627768,
              6.1961084
            ],
            [
              -75.5627993,
              6.1961193
            ],
            [
              -75.5628383,
              6.1960399
            ],
            [
              -75.5628213,
              6.1960316
            ],
            [
              -75.5628348,
              6.1960041
            ],
            [
              -75.5627128,
              6.1959448
            ],
            [
              -75.5625785,
              6.1962179
            ],
            [
              -75.5626912,
              6.1962727
            ]
          ]
        ]
      },
      "id": "way/784632334"
    },
    {
      "type": "Feature",
      "properties": {
        "@id": "way/784950571",
        "leisure": "fitness_station",
        "sport": "fitness"
      },
      "geometry": {
        "type": "Polygon",
        "coordinates": [
          [
            [
              -75.606598,
              6.2174448
            ],
            [
              -75.6067322,
              6.2174048
            ],
            [
              -75.6067187,
              6.2172981
            ],
            [
              -75.606598,
              6.2173248
            ],
            [
              -75.6065042,
              6.2172181
            ],
            [
              -75.6064371,
              6.2172901
            ],
            [
              -75.606598,
              6.2174448
            ]
          ]
        ]
      },
      "id": "way/784950571"
    },
    {
      "type": "Feature",
      "properties": {
        "@id": "way/785464684",
        "leisure": "fitness_station",
        "sport": "fitness"
      },
      "geometry": {
        "type": "Polygon",
        "coordinates": [
          [
            [
              -75.578592,
              6.2788076
            ],
            [
              -75.5786152,
              6.278778
            ],
            [
              -75.5785059,
              6.278699
            ],
            [
              -75.5784844,
              6.2787286
            ],
            [
              -75.578592,
              6.2788076
            ]
          ]
        ]
      },
      "id": "way/785464684"
    },
    {
      "type": "Feature",
      "properties": {
        "@id": "way/786959588",
        "building": "yes",
        "leisure": "fitness_centre",
        "name": "Gimnasio al aire libre La Cruz"
      },
      "geometry": {
        "type": "Polygon",
        "coordinates": [
          [
            [
              -75.5362293,
              6.2694693
            ],
            [
              -75.5362678,
              6.2694969
            ],
            [
              -75.5363221,
              6.269436
            ],
            [
              -75.5362753,
              6.269417
            ],
            [
              -75.5362293,
              6.2694693
            ]
          ]
        ]
      },
      "id": "way/786959588"
    },
    {
      "type": "Feature",
      "properties": {
        "@id": "way/786963626",
        "building": "yes",
        "leisure": "fitness_centre"
      },
      "geometry": {
        "type": "Polygon",
        "coordinates": [
          [
            [
              -75.5384787,
              6.2695316
            ],
            [
              -75.538468,
              6.2694656
            ],
            [
              -75.5383547,
              6.269469
            ],
            [
              -75.5383634,
              6.269529
            ],
            [
              -75.5384787,
              6.2695316
            ]
          ]
        ]
      },
      "id": "way/786963626"
    },
    {
      "type": "Feature",
      "properties": {
        "@id": "way/866023043",
        "addr:housenumber": "75-106",
        "addr:street": "Calle 47D",
        "leisure": "sports_centre",
        "name": "Patinodromo Guillermo León Botero",
        "sport": "skating;roller_skating;roller_hockey"
      },
      "geometry": {
        "type": "Polygon",
        "coordinates": [
          [
            [
              -75.5918155,
              6.25435
            ],
            [
              -75.5923386,
              6.2553049
            ],
            [
              -75.5923952,
              6.2553185
            ],
            [
              -75.5924499,
              6.2553316
            ],
            [
              -75.5925411,
              6.2553303
            ],
            [
              -75.5926108,
              6.2552996
            ],
            [
              -75.5927047,
              6.255173
            ],
            [
              -75.5927786,
              6.2550893
            ],
            [
              -75.5928442,
              6.2549943
            ],
            [
              -75.5930588,
              6.2548477
            ],
            [
              -75.5932425,
              6.2547616
            ],
            [
              -75.5930427,
              6.2545877
            ],
            [
              -75.5928841,
              6.2544714
            ],
            [
              -75.5927959,
              6.2544117
            ],
            [
              -75.5922727,
              6.2541372
            ],
            [
              -75.5918155,
              6.25435
            ]
          ]
        ]
      },
      "id": "way/866023043"
    },
    {
      "type": "Feature",
      "properties": {
        "@id": "way/940773830",
        "leisure": "sports_centre",
        "name": "Area humeda",
        "sport": "swimming"
      },
      "geometry": {
        "type": "Polygon",
        "coordinates": [
          [
            [
              -75.6211844,
              6.2412683
            ],
            [
              -75.6212316,
              6.2411826
            ],
            [
              -75.6210922,
              6.2410383
            ],
            [
              -75.6210579,
              6.2412127
            ],
            [
              -75.6210979,
              6.2412625
            ],
            [
              -75.6211273,
              6.2412618
            ],
            [
              -75.6211373,
              6.2413197
            ],
            [
              -75.6211665,
              6.2413206
            ],
            [
              -75.6211844,
              6.2412683
            ]
          ]
        ]
      },
      "id": "way/940773830"
    },
    {
      "type": "Feature",
      "properties": {
        "@id": "way/962492143",
        "leisure": "sports_centre"
      },
      "geometry": {
        "type": "Polygon",
        "coordinates": [
          [
            [
              -75.5912362,
              6.1711892
            ],
            [
              -75.5910312,
              6.1715166
            ],
            [
              -75.5912595,
              6.1716666
            ],
            [
              -75.591402,
              6.1714158
            ],
            [
              -75.5912762,
              6.1713375
            ],
            [
              -75.591333,
              6.1712418
            ],
            [
              -75.5912362,
              6.1711892
            ]
          ]
        ]
      },
      "id": "way/962492143"
    },
    {
      "type": "Feature",
      "properties": {
        "@id": "way/1040948202",
        "building": "yes",
        "leisure": "fitness_centre",
        "name": "Gimnasio ITM Robledo",
        "opening_hours": "Mo-Fr 08:00-20:30"
      },
      "geometry": {
        "type": "Polygon",
        "coordinates": [
          [
            [
              -75.5882818,
              6.275618
            ],
            [
              -75.588267,
              6.2755247
            ],
            [
              -75.5880216,
              6.2755354
            ],
            [
              -75.5880417,
              6.275634
            ],
            [
              -75.5882818,
              6.275618
            ]
          ]
        ]
      },
      "id": "way/1040948202"
    },
    {
      "type": "Feature",
      "properties": {
        "@id": "way/1042104962",
        "addr:city": "Medellín",
        "addr:street": "Carrera 74 #106-24",
        "leisure": "fitness_centre",
        "name": "Gimnasio 2D fitness",
        "phone": "+57 4764018",
        "sport": "fitness"
      },
      "geometry": {
        "type": "Polygon",
        "coordinates": [
          [
            [
              -75.5704774,
              6.3043874
            ],
            [
              -75.5704774,
              6.3042856
            ],
            [
              -75.5703996,
              6.3042856
            ],
            [
              -75.5703996,
              6.3043874
            ],
            [
              -75.5704774,
              6.3043874
            ]
          ]
        ]
      },
      "id": "way/1042104962"
    },
    {
      "type": "Feature",
      "properties": {
        "@id": "way/1093190045",
        "leisure": "sports_centre"
      },
      "geometry": {
        "type": "Polygon",
        "coordinates": [
          [
            [
              -75.4441055,
              6.2817981
            ],
            [
              -75.444031,
              6.2816872
            ],
            [
              -75.4435791,
              6.2819517
            ],
            [
              -75.4436506,
              6.2820878
            ],
            [
              -75.4441055,
              6.2817981
            ]
          ]
        ]
      },
      "id": "way/1093190045"
    },
    {
      "type": "Feature",
      "properties": {
        "@id": "way/1095167822",
        "leisure": "fitness_station",
        "sport": "fitness"
      },
      "geometry": {
        "type": "Polygon",
        "coordinates": [
          [
            [
              -75.4486894,
              6.2906796
            ],
            [
              -75.4485832,
              6.2907295
            ],
            [
              -75.4487478,
              6.2907898
            ],
            [
              -75.4486894,
              6.2906796
            ]
          ]
        ]
      },
      "id": "way/1095167822"
    },
    {
      "type": "Feature",
      "properties": {
        "@id": "way/1097280787",
        "leisure": "sports_centre"
      },
      "geometry": {
        "type": "Polygon",
        "coordinates": [
          [
            [
              -75.4426552,
              6.2829014
            ],
            [
              -75.4428097,
              6.2829458
            ],
            [
              -75.4428388,
              6.2829268
            ],
            [
              -75.4428813,
              6.282899
            ],
            [
              -75.4433382,
              6.2826003
            ],
            [
              -75.4437183,
              6.2823639
            ],
            [
              -75.4436961,
              6.2823293
            ],
            [
              -75.4435481,
              6.2820277
            ],
            [
              -75.4431559,
              6.282221
            ],
            [
              -75.4431412,
              6.2822018
            ],
            [
              -75.4429903,
              6.2819274
            ],
            [
              -75.4429063,
              6.2817771
            ],
            [
              -75.4424298,
              6.2820568
            ],
            [
              -75.4425557,
              6.2822983
            ],
            [
              -75.4424639,
              6.2823424
            ],
            [
              -75.4423896,
              6.2823781
            ],
            [
              -75.4425988,
              6.2827903
            ],
            [
              -75.4426552,
              6.2829014
            ]
          ]
        ]
      },
      "id": "way/1097280787"
    },
    {
      "type": "Feature",
      "properties": {
        "@id": "way/1097280788",
        "leisure": "fitness_station",
        "sport": "fitness"
      },
      "geometry": {
        "type": "Polygon",
        "coordinates": [
          [
            [
              -75.4433544,
              6.2824397
            ],
            [
              -75.4432701,
              6.2822952
            ],
            [
              -75.4432315,
              6.2823164
            ],
            [
              -75.4433168,
              6.2824599
            ],
            [
              -75.4433544,
              6.2824397
            ]
          ]
        ]
      },
      "id": "way/1097280788"
    },
    {
      "type": "Feature",
      "properties": {
        "@id": "way/1097295697",
        "leisure": "sports_centre",
        "name": "Complejo Deportivo y Recreativo La Equidad"
      },
      "geometry": {
        "type": "Polygon",
        "coordinates": [
          [
            [
              -75.4456192,
              6.2798867
            ],
            [
              -75.4456582,
              6.2798604
            ],
            [
              -75.445603,
              6.2794503
            ],
            [
              -75.4456859,
              6.2793512
            ],
            [
              -75.4459903,
              6.2789755
            ],
            [
              -75.4465645,
              6.2784139
            ],
            [
              -75.44597,
              6.2776995
            ],
            [
              -75.4453515,
              6.2773371
            ],
            [
              -75.4448946,
              6.2771768
            ],
            [
              -75.4448383,
              6.2771579
            ],
            [
              -75.4447135,
              6.2771195
            ],
            [
              -75.444552,
              6.2770395
            ],
            [
              -75.4443976,
              6.2769551
            ],
            [
              -75.4439947,
              6.2768333
            ],
            [
              -75.4438279,
              6.2773414
            ],
            [
              -75.4436554,
              6.277309
            ],
            [
              -75.4435744,
              6.2775126
            ],
            [
              -75.4436934,
              6.2775467
            ],
            [
              -75.4435307,
              6.2777956
            ],
            [
              -75.4435231,
              6.2779255
            ],
            [
              -75.4436093,
              6.2780479
            ],
            [
              -75.4437845,
              6.2782389
            ],
            [
              -75.4441054,
              6.2785671
            ],
            [
              -75.4443841,
              6.278939
            ],
            [
              -75.4445389,
              6.2789489
            ],
            [
              -75.4448991,
              6.2793809
            ],
            [
              -75.444911,
              6.2794593
            ],
            [
              -75.444933,
              6.2796042
            ],
            [
              -75.4450717,
              6.2797519
            ],
            [
              -75.4450828,
              6.2798736
            ],
            [
              -75.4451027,
              6.2799009
            ],
            [
              -75.4455465,
              6.2798824
            ],
            [
              -75.4456192,
              6.2798867
            ]
          ]
        ]
      },
      "id": "way/1097295697"
    },
    {
      "type": "Feature",
      "properties": {
        "@id": "way/1098712223",
        "blind": "yes",
        "fitness_station": "fitness_station",
        "leisure": "fitness_station",
        "sport": "fitness",
        "wheelchair": "limited"
      },
      "geometry": {
        "type": "Polygon",
        "coordinates": [
          [
            [
              -75.625185,
              6.2464674
            ],
            [
              -75.6251673,
              6.2463691
            ],
            [
              -75.6251113,
              6.2463816
            ],
            [
              -75.6251278,
              6.2464787
            ],
            [
              -75.625185,
              6.2464674
            ]
          ]
        ]
      },
      "id": "way/1098712223"
    },
    {
      "type": "Feature",
      "properties": {
        "@id": "way/1149918336",
        "blind": "no",
        "fitness_station": "yes",
        "leisure": "fitness_station",
        "sport": "fitness",
        "wheelchair": "no"
      },
      "geometry": {
        "type": "Polygon",
        "coordinates": [
          [
            [
              -75.5747289,
              6.2643394
            ],
            [
              -75.5746286,
              6.2643407
            ],
            [
              -75.5746295,
              6.2644057
            ],
            [
              -75.5747298,
              6.2644044
            ],
            [
              -75.5747289,
              6.2643394
            ]
          ]
        ]
      },
      "id": "way/1149918336"
    },
    {
      "type": "Feature",
      "properties": {
        "@id": "way/1237564323",
        "leisure": "sports_centre",
        "name": "Unidad Deportiva La López"
      },
      "geometry": {
        "type": "Polygon",
        "coordinates": [
          [
            [
              -75.5537429,
              6.2622224
            ],
            [
              -75.5538576,
              6.2622598
            ],
            [
              -75.5538311,
              6.2623584
            ],
            [
              -75.5538687,
              6.2623654
            ],
            [
              -75.5538586,
              6.2624091
            ],
            [
              -75.553932,
              6.2624081
            ],
            [
              -75.5539501,
              6.2623644
            ],
            [
              -75.5548631,
              6.2617095
            ],
            [
              -75.5548517,
              6.2616919
            ],
            [
              -75.5549345,
              6.2614959
            ],
            [
              -75.554736,
              6.2611313
            ],
            [
              -75.5545825,
              6.2612679
            ],
            [
              -75.5545825,
              6.2612743
            ],
            [
              -75.5545902,
              6.2612896
            ],
            [
              -75.5545932,
              6.2613096
            ],
            [
              -75.5545878,
              6.2613253
            ],
            [
              -75.5545768,
              6.2613406
            ],
            [
              -75.5543438,
              6.2614709
            ],
            [
              -75.5543153,
              6.2614229
            ],
            [
              -75.5537564,
              6.2617272
            ],
            [
              -75.5537416,
              6.2621798
            ],
            [
              -75.5537429,
              6.2622224
            ]
          ]
        ]
      },
      "id": "way/1237564323"
    },
    {
      "type": "Feature",
      "properties": {
        "@id": "way/1242090440",
        "building": "yes",
        "leisure": "fitness_centre"
      },
      "geometry": {
        "type": "Polygon",
        "coordinates": [
          [
            [
              -75.545404,
              6.2712313
            ],
            [
              -75.5454297,
              6.2713822
            ],
            [
              -75.5455114,
              6.2713845
            ],
            [
              -75.5455114,
              6.2712337
            ],
            [
              -75.545404,
              6.2712313
            ]
          ]
        ]
      },
      "id": "way/1242090440"
    },
    {
      "type": "Feature",
      "properties": {
        "@id": "way/1242093351",
        "access": "yes",
        "blind": "limited",
        "fitness_station": "bicicleta_estática",
        "leisure": "fitness_station",
        "sport": "fitness",
        "wheelchair": "no"
      },
      "geometry": {
        "type": "Polygon",
        "coordinates": [
          [
            [
              -75.5622682,
              6.2846557
            ],
            [
              -75.5622751,
              6.28457
            ],
            [
              -75.5622189,
              6.2845417
            ],
            [
              -75.5621711,
              6.284645
            ],
            [
              -75.5622682,
              6.2846557
            ]
          ]
        ]
      },
      "id": "way/1242093351"
    },
    {
      "type": "Feature",
      "properties": {
        "@id": "way/1276287910",
        "addr:city": "medellin",
        "addr:street": "Cl 44 #95 - 37",
        "brand": "Smart Fit",
        "brand:wikidata": "Q30930959",
        "building": "yes",
        "leisure": "fitness_centre",
        "name": "Smart Fit",
        "phone": "+57 300 1615191",
        "sport": "fitness"
      },
      "geometry": {
        "type": "Polygon",
        "coordinates": [
          [
            [
              -75.6127049,
              6.2552641
            ],
            [
              -75.6127389,
              6.2552048
            ],
            [
              -75.6126523,
              6.2551558
            ],
            [
              -75.6126183,
              6.2552152
            ],
            [
              -75.6126592,
              6.2552383
            ],
            [
              -75.6127049,
              6.2552641
            ]
          ]
        ]
      },
      "id": "way/1276287910"
    },
    {
      "type": "Feature",
      "properties": {
        "@id": "way/1303675570",
        "leisure": "fitness_station",
        "sport": "fitness",
        "surface": "concrete"
      },
      "geometry": {
        "type": "Polygon",
        "coordinates": [
          [
            [
              -75.5864757,
              6.2717919
            ],
            [
              -75.5864756,
              6.2717797
            ],
            [
              -75.5864753,
              6.271743
            ],
            [
              -75.5864752,
              6.2717248
            ],
            [
              -75.5864748,
              6.2716769
            ],
            [
              -75.5864746,
              6.2716402
            ],
            [
              -75.5864267,
              6.2716419
            ],
            [
              -75.5863402,
              6.2717148
            ],
            [
              -75.5862872,
              6.2717934
            ],
            [
              -75.5864757,
              6.2717919
            ]
          ]
        ]
      },
      "id": "way/1303675570"
    },
    {
      "type": "Feature",
      "properties": {
        "@id": "way/1303675572",
        "alt_name": "Coliseo Ciudadela Robledo",
        "building": "university",
        "building:levels": "3",
        "leisure": "sports_centre",
        "name": "Bloque 48 - Coliseo José Luis Betancur Chaverra",
        "nohousenumber": "yes",
        "sport": "basketball;handball;soccer;volleyball",
        "website": "https://www.udea.edu.co/wps/portal/udea/web/inicio/patrimonio/lugar-para-memoria/coliseo-jose-luis-betancur-chaverra"
      },
      "geometry": {
        "type": "Polygon",
        "coordinates": [
          [
            [
              -75.5864866,
              6.2718653
            ],
            [
              -75.5862306,
              6.2718666
            ],
            [
              -75.5862324,
              6.2722179
            ],
            [
              -75.5862084,
              6.272218
            ],
            [
              -75.5862085,
              6.272237
            ],
            [
              -75.5861567,
              6.2722373
            ],
            [
              -75.5861569,
              6.2722747
            ],
            [
              -75.5862327,
              6.2722743
            ],
            [
              -75.586233,
              6.2723303
            ],
            [
              -75.5863645,
              6.2723296
            ],
            [
              -75.586489,
              6.2723289
            ],
            [
              -75.5864885,
              6.2722248
            ],
            [
              -75.5864866,
              6.2718653
            ]
          ]
        ]
      },
      "id": "way/1303675572"
    },
    {
      "type": "Feature",
      "properties": {
        "@id": "way/1359466885",
        "leisure": "sports_centre",
        "name": "Bloque 21 - Canchas"
      },
      "geometry": {
        "type": "Polygon",
        "coordinates": [
          [
            [
              -75.6136155,
              6.2303292
            ],
            [
              -75.6133167,
              6.2295186
            ],
            [
              -75.6129326,
              6.2296585
            ],
            [
              -75.6129497,
              6.2297049
            ],
            [
              -75.6126535,
              6.2298183
            ],
            [
              -75.6126687,
              6.2298557
            ],
            [
              -75.6127433,
              6.2300399
            ],
            [
              -75.6127563,
              6.230072
            ],
            [
              -75.6128687,
              6.2303569
            ],
            [
              -75.6131397,
              6.2302512
            ],
            [
              -75.6132312,
              6.2304691
            ],
            [
              -75.6136155,
              6.2303292
            ]
          ]
        ]
      },
      "id": "way/1359466885"
    },
    {
      "type": "Feature",
      "properties": {
        "@id": "way/1366077482",
        "building": "hut",
        "leisure": "sports_centre",
        "name": "Aventura Manrique",
        "opening_hours": "24/7",
        "operator": "Yeso®",
        "operator:type": "private",
        "sport": "climbing;escalar;montañismo;barranquismo;rapel;arbustismo"
      },
      "geometry": {
        "type": "Polygon",
        "coordinates": [
          [
            [
              -75.525669,
              6.2652255
            ],
            [
              -75.5248993,
              6.2654595
            ],
            [
              -75.5246901,
              6.265738
            ],
            [
              -75.5250338,
              6.2660574
            ],
            [
              -75.5248657,
              6.2676023
            ],
            [
              -75.5250039,
              6.2678883
            ],
            [
              -75.5255531,
              6.2683933
            ],
            [
              -75.5257026,
              6.2678103
            ],
            [
              -75.5258259,
              6.2669858
            ],
            [
              -75.5259529,
              6.2663211
            ],
            [
              -75.5260612,
              6.2658234
            ],
            [
              -75.5258072,
              6.2654372
            ],
            [
              -75.525669,
              6.2652255
            ]
          ]
        ]
      },
      "id": "way/1366077482"
    },
    {
      "type": "Feature",
      "properties": {
        "@id": "way/1373870453",
        "building": "yes",
        "leisure": "fitness_centre",
        "name": "Gimnasio ITM Fraternidad"
      },
      "geometry": {
        "type": "Polygon",
        "coordinates": [
          [
            [
              -75.5490695,
              6.2455131
            ],
            [
              -75.5489879,
              6.2455692
            ],
            [
              -75.5489834,
              6.2455724
            ],
            [
              -75.5489699,
              6.245553
            ],
            [
              -75.5489234,
              6.245585
            ],
            [
              -75.5490501,
              6.2457668
            ],
            [
              -75.5489982,
              6.2458026
            ],
            [
              -75.5490294,
              6.2458473
            ],
            [
              -75.5490813,
              6.2458115
            ],
            [
              -75.5491001,
              6.2458385
            ],
            [
              -75.5490966,
              6.2458621
            ],
            [
              -75.5492424,
              6.2458834
            ],
            [
              -75.5492562,
              6.24579
            ],
            [
              -75.5491289,
              6.2457714
            ],
            [
              -75.5490893,
              6.2457146
            ],
            [
              -75.5491708,
              6.2456584
            ],
            [
              -75.5491819,
              6.2456108
            ],
            [
              -75.5491523,
              6.2455684
            ],
            [
              -75.5491052,
              6.2455643
            ],
            [
              -75.5490909,
              6.2455437
            ],
            [
              -75.5490695,
              6.2455131
            ]
          ]
        ]
      },
      "id": "way/1373870453"
    },
    {
      "type": "Feature",
      "properties": {
        "@id": "way/1427236068",
        "fitness_station": "yes",
        "leisure": "fitness_station",
        "sport": "fitness",
        "wheelchair": "yes"
      },
      "geometry": {
        "type": "Polygon",
        "coordinates": [
          [
            [
              -75.4652587,
              6.1946087
            ],
            [
              -75.4651817,
              6.1945568
            ],
            [
              -75.4651318,
              6.1946299
            ],
            [
              -75.4652088,
              6.1946818
            ],
            [
              -75.4652587,
              6.1946087
            ]
          ]
        ]
      },
      "id": "way/1427236068"
    },
    {
      "type": "Feature",
      "properties": {
        "@id": "way/1428297833",
        "leisure": "fitness_station",
        "sport": "fitness"
      },
      "geometry": {
        "type": "Polygon",
        "coordinates": [
          [
            [
              -75.6008132,
              6.2174505
            ],
            [
              -75.6008687,
              6.2173366
            ],
            [
              -75.6008428,
              6.2173292
            ],
            [
              -75.6008132,
              6.2173452
            ],
            [
              -75.6007997,
              6.2173782
            ],
            [
              -75.600791,
              6.2174089
            ],
            [
              -75.6007972,
              6.2174346
            ],
            [
              -75.6008132,
              6.2174505
            ]
          ]
        ]
      },
      "id": "way/1428297833"
    },
    {
      "type": "Feature",
      "properties": {
        "@id": "way/1455916841",
        "leisure": "fitness_station",
        "sport": "fitness"
      },
      "geometry": {
        "type": "Polygon",
        "coordinates": [
          [
            [
              -75.6413105,
              6.2209952
            ],
            [
              -75.6411965,
              6.2209165
            ],
            [
              -75.641118,
              6.2210392
            ],
            [
              -75.6412843,
              6.2211152
            ],
            [
              -75.6413105,
              6.2209952
            ]
          ]
        ]
      },
      "id": "way/1455916841"
    },
    {
      "type": "Feature",
      "properties": {
        "@id": "way/1455916844",
        "leisure": "fitness_station",
        "sport": "fitness"
      },
      "geometry": {
        "type": "Polygon",
        "coordinates": [
          [
            [
              -75.6415971,
              6.2214058
            ],
            [
              -75.6415099,
              6.2213285
            ],
            [
              -75.6414308,
              6.2213271
            ],
            [
              -75.6414118,
              6.2213791
            ],
            [
              -75.6414897,
              6.2214177
            ],
            [
              -75.6414683,
              6.2214584
            ],
            [
              -75.641475,
              6.2214858
            ],
            [
              -75.6415488,
              6.2214665
            ],
            [
              -75.6415971,
              6.2214058
            ]
          ]
        ]
      },
      "id": "way/1455916844"
    },
    {
      "type": "Feature",
      "properties": {
        "@id": "way/1471776226",
        "leisure": "fitness_station",
        "sport": "fitness"
      },
      "geometry": {
        "type": "Polygon",
        "coordinates": [
          [
            [
              -75.6166123,
              6.2124215
            ],
            [
              -75.6166278,
              6.2123531
            ],
            [
              -75.6165303,
              6.2123333
            ],
            [
              -75.6165189,
              6.2124011
            ],
            [
              -75.6166123,
              6.2124215
            ]
          ]
        ]
      },
      "id": "way/1471776226"
    },
    {
      "type": "Feature",
      "properties": {
        "@id": "way/1471776227",
        "leisure": "fitness_station",
        "sport": "fitness"
      },
      "geometry": {
        "type": "Polygon",
        "coordinates": [
          [
            [
              -75.6165007,
              6.2124044
            ],
            [
              -75.6165088,
              6.2123396
            ],
            [
              -75.6163129,
              6.2123155
            ],
            [
              -75.6163048,
              6.2123803
            ],
            [
              -75.6165007,
              6.2124044
            ]
          ]
        ]
      },
      "id": "way/1471776227"
    },
    {
      "type": "Feature",
      "properties": {
        "@id": "way/1474775162",
        "leisure": "fitness_station",
        "sport": "fitness"
      },
      "geometry": {
        "type": "Polygon",
        "coordinates": [
          [
            [
              -75.6075875,
              6.2638055
            ],
            [
              -75.6077071,
              6.2636995
            ],
            [
              -75.6076601,
              6.2636346
            ],
            [
              -75.60762,
              6.263665
            ],
            [
              -75.6075251,
              6.2637359
            ],
            [
              -75.6075875,
              6.2638055
            ]
          ]
        ]
      },
      "id": "way/1474775162"
    },
    {
      "type": "Feature",
      "properties": {
        "@id": "way/1476912303",
        "building": "yes",
        "leisure": "sports_centre",
        "name": "Gimnacio al aire libre",
        "sport": "climbing"
      },
      "geometry": {
        "type": "Polygon",
        "coordinates": [
          [
            [
              -75.583706,
              6.2932269
            ],
            [
              -75.5837071,
              6.2931774
            ],
            [
              -75.5836705,
              6.2931724
            ],
            [
              -75.5836555,
              6.293196
            ],
            [
              -75.583706,
              6.2932269
            ]
          ]
        ]
      },
      "id": "way/1476912303"
    },
    {
      "type": "Feature",
      "properties": {
        "@id": "way/1493724071",
        "addr:city": "Itagüí",
        "addr:street": "Carrera 55B",
        "building": "yes",
        "leisure": "fitness_centre",
        "name": "Gimnasio Virfit",
        "sport": "fitness",
        "website": "https://www.google.com/search?q=virfit&oq=virfit&gs_lcrp=EgZjaHJvbWUqCggAEAAY4wIYgAQyCggAEAAY4wIYgAQyDQgBEC4YrwEYxwEYgAQyDQgCEC4YrwEYxwEYgAQyBwgDEAAYgAQyBwgEEAAYgAQyBwgFEAAYgAQyBwgGEAAYgAQyBwgHEAAYgAQyCggIEAAYgAQYogQyBwgJEAAY7wXSAQgyNTc0ajBqN6gCALACAA&sou",
        "wheelchair": "no"
      },
      "geometry": {
        "type": "Polygon",
        "coordinates": [
          [
            [
              -75.5993271,
              6.1885327
            ],
            [
              -75.5995427,
              6.1883116
            ],
            [
              -75.599339,
              6.1881399
            ],
            [
              -75.5993149,
              6.1882084
            ],
            [
              -75.5994093,
              6.1882698
            ],
            [
              -75.5993251,
              6.1883326
            ],
            [
              -75.5992838,
              6.1882971
            ],
            [
              -75.5991741,
              6.1884128
            ],
            [
              -75.5993271,
              6.1885327
            ]
          ]
        ]
      },
      "id": "way/1493724071"
    },
    {
      "type": "Feature",
      "properties": {
        "@id": "way/1494285522",
        "blind": "limited",
        "fitness_station": "yes",
        "leisure": "fitness_station",
        "name": "Parque Alamos",
        "sport": "fitness",
        "wheelchair": "limited"
      },
      "geometry": {
        "type": "Polygon",
        "coordinates": [
          [
            [
              -75.5651898,
              6.2795303
            ],
            [
              -75.5652169,
              6.2794505
            ],
            [
              -75.5651626,
              6.2794364
            ],
            [
              -75.5651449,
              6.2795068
            ],
            [
              -75.5651898,
              6.2795303
            ]
          ]
        ]
      },
      "id": "way/1494285522"
    },
    {
      "type": "Feature",
      "properties": {
        "@id": "way/1507998815",
        "leisure": "fitness_station",
        "sport": "fitness"
      },
      "geometry": {
        "type": "Polygon",
        "coordinates": [
          [
            [
              -75.5796703,
              6.1903864
            ],
            [
              -75.5797411,
              6.1904099
            ],
            [
              -75.5797733,
              6.1903144
            ],
            [
              -75.5797553,
              6.1902754
            ],
            [
              -75.5797161,
              6.1902504
            ],
            [
              -75.5796703,
              6.1903864
            ]
          ]
        ]
      },
      "id": "way/1507998815"
    },
    {
      "type": "Feature",
      "properties": {
        "@id": "way/1508306532",
        "leisure": "fitness_station",
        "sport": "fitness"
      },
      "geometry": {
        "type": "Polygon",
        "coordinates": [
          [
            [
              -75.5788749,
              6.1873445
            ],
            [
              -75.5789704,
              6.1873424
            ],
            [
              -75.5789694,
              6.1872971
            ],
            [
              -75.5788739,
              6.1872992
            ],
            [
              -75.5788749,
              6.1873445
            ]
          ]
        ]
      },
      "id": "way/1508306532"
    },
    {
      "type": "Feature",
      "properties": {
        "@id": "way/1513265039",
        "fitness_station": "yes",
        "leisure": "fitness_station",
        "sport": "fitness"
      },
      "geometry": {
        "type": "Polygon",
        "coordinates": [
          [
            [
              -75.5784742,
              6.2019954
            ],
            [
              -75.5782042,
              6.2020008
            ],
            [
              -75.5782035,
              6.2019627
            ],
            [
              -75.5781211,
              6.2019643
            ],
            [
              -75.5781208,
              6.2020539
            ],
            [
              -75.578232,
              6.2020366
            ],
            [
              -75.5782915,
              6.2020349
            ],
            [
              -75.5783521,
              6.2020439
            ],
            [
              -75.5784017,
              6.202056
            ],
            [
              -75.5784754,
              6.202055
            ],
            [
              -75.5784742,
              6.2019954
            ]
          ]
        ]
      },
      "id": "way/1513265039"
    },
    {
      "type": "Feature",
      "properties": {
        "@id": "way/1525330900",
        "leisure": "fitness_station",
        "sport": "fitness"
      },
      "geometry": {
        "type": "Polygon",
        "coordinates": [
          [
            [
              -75.6419368,
              6.2895149
            ],
            [
              -75.6419924,
              6.2895396
            ],
            [
              -75.6419992,
              6.2895317
            ],
            [
              -75.6419964,
              6.289525
            ],
            [
              -75.6419703,
              6.2895137
            ],
            [
              -75.6419669,
              6.2895063
            ],
            [
              -75.6419721,
              6.2894935
            ],
            [
              -75.6419712,
              6.2894825
            ],
            [
              -75.6419516,
              6.2894728
            ],
            [
              -75.6419417,
              6.2894699
            ],
            [
              -75.6419313,
              6.28947
            ],
            [
              -75.6419264,
              6.2894801
            ],
            [
              -75.6419159,
              6.2894847
            ],
            [
              -75.6419132,
              6.2895012
            ],
            [
              -75.6419368,
              6.2895149
            ]
          ]
        ]
      },
      "id": "way/1525330900"
    },
    {
      "type": "Feature",
      "properties": {
        "@id": "node/1468401006",
        "leisure": "sports_centre",
        "name": "Placa deportiva Sector Miranda",
        "sport": "soccer"
      },
      "geometry": {
        "type": "Point",
        "coordinates": [
          -75.6134293,
          6.1767793
        ]
      },
      "id": "node/1468401006"
    },
    {
      "type": "Feature",
      "properties": {
        "@id": "node/1468581919",
        "leisure": "sports_centre",
        "name": "cancha deportiva Loma de los Zuleta"
      },
      "geometry": {
        "type": "Point",
        "coordinates": [
          -75.6152802,
          6.1772091
        ]
      },
      "id": "node/1468581919"
    },
    {
      "type": "Feature",
      "properties": {
        "@id": "node/1660039081",
        "leisure": "sports_centre",
        "name": "El templo del Fútbol",
        "sport": "soccer"
      },
      "geometry": {
        "type": "Point",
        "coordinates": [
          -75.5861191,
          6.1827951
        ]
      },
      "id": "node/1660039081"
    },
    {
      "type": "Feature",
      "properties": {
        "@id": "node/1660039082",
        "leisure": "sports_centre",
        "name": "Señor Gol",
        "sport": "soccer"
      },
      "geometry": {
        "type": "Point",
        "coordinates": [
          -75.5870525,
          6.1816538
        ]
      },
      "id": "node/1660039082"
    },
    {
      "type": "Feature",
      "properties": {
        "@id": "node/1672213666",
        "leisure": "sports_centre",
        "sport": "gymnastics"
      },
      "geometry": {
        "type": "Point",
        "coordinates": [
          -75.5843161,
          6.1777766
        ]
      },
      "id": "node/1672213666"
    },
    {
      "type": "Feature",
      "properties": {
        "@id": "node/1685211018",
        "leisure": "sports_centre",
        "name": "Envigol",
        "sport": "soccer"
      },
      "geometry": {
        "type": "Point",
        "coordinates": [
          -75.5983704,
          6.164684
        ]
      },
      "id": "node/1685211018"
    },
    {
      "type": "Feature",
      "properties": {
        "@id": "node/2418112366",
        "leisure": "sports_centre",
        "name": "Canchas Sintéticas",
        "sport": "soccer"
      },
      "geometry": {
        "type": "Point",
        "coordinates": [
          -75.5742161,
          6.2522871
        ]
      },
      "id": "node/2418112366"
    },
    {
      "type": "Feature",
      "properties": {
        "@id": "node/3110420831",
        "addr:city": "Envigado",
        "addr:housenumber": "45-75",
        "addr:street": "Calle 25 B Sur",
        "leisure": "sports_centre",
        "name": "Greenfit Sports Las Vegas",
        "phone": "+57 4 3329331",
        "website": "http://www.greenfit.co/"
      },
      "geometry": {
        "type": "Point",
        "coordinates": [
          -75.5856724,
          6.1824765
        ]
      },
      "id": "node/3110420831"
    },
    {
      "type": "Feature",
      "properties": {
        "@id": "node/3110428784",
        "leisure": "sports_centre",
        "name": "Curves",
        "website": "http://www.curves.la/"
      },
      "geometry": {
        "type": "Point",
        "coordinates": [
          -75.5855974,
          6.1823831
        ]
      },
      "id": "node/3110428784"
    },
    {
      "type": "Feature",
      "properties": {
        "@id": "node/3110437189",
        "addr:city": "Envigado",
        "addr:housenumber": "27A Sur - 81",
        "addr:street": "Carrera 43A",
        "leisure": "sports_centre",
        "name": "Greenfit Envigado",
        "website": "http://www.greenfit.co/"
      },
      "geometry": {
        "type": "Point",
        "coordinates": [
          -75.5842522,
          6.1785624
        ]
      },
      "id": "node/3110437189"
    },
    {
      "type": "Feature",
      "properties": {
        "@id": "node/3652345591",
        "leisure": "sports_centre",
        "name": "Gimnasio",
        "sport": "gymnastics"
      },
      "geometry": {
        "type": "Point",
        "coordinates": [
          -75.6165958,
          6.2571655
        ]
      },
      "id": "node/3652345591"
    },
    {
      "type": "Feature",
      "properties": {
        "@id": "node/3787817904",
        "leisure": "sports_centre",
        "name": "Esquina mesa",
        "sport": "pesas"
      },
      "geometry": {
        "type": "Point",
        "coordinates": [
          -75.5383269,
          6.2993784
        ]
      },
      "id": "node/3787817904"
    },
    {
      "type": "Feature",
      "properties": {
        "@id": "node/4034609840",
        "leisure": "sports_centre",
        "name": "Gimnasio Bodytech"
      },
      "geometry": {
        "type": "Point",
        "coordinates": [
          -75.604202,
          6.2510003
        ]
      },
      "id": "node/4034609840"
    },
    {
      "type": "Feature",
      "properties": {
        "@id": "node/4177118394",
        "leisure": "sports_centre",
        "name": "gimnasio",
        "sport": "exercise"
      },
      "geometry": {
        "type": "Point",
        "coordinates": [
          -75.5439996,
          6.2915416
        ]
      },
      "id": "node/4177118394"
    },
    {
      "type": "Feature",
      "properties": {
        "@id": "node/4177131412",
        "leisure": "sports_centre",
        "name": "Gimnasio Público"
      },
      "geometry": {
        "type": "Point",
        "coordinates": [
          -75.54506,
          6.2908808
        ]
      },
      "id": "node/4177131412"
    },
    {
      "type": "Feature",
      "properties": {
        "@id": "node/4437946889",
        "addr:city": "Medellín",
        "addr:housenumber": "63-21",
        "addr:street": "Calle 49B",
        "email": "dancegym@comfamiliarcamacol.com",
        "leisure": "fitness_centre",
        "name": "Dance Gym - Comfamiliar Camacol",
        "name:es": "Dance Gym - Comfamiliar Camacol",
        "opening_hours": "Mo-Fr 05:30-21:30; Sa-Su 08:00-13:00",
        "phone": "+5742302000",
        "website": "https://www.comfamiliarcamacol.com/"
      },
      "geometry": {
        "type": "Point",
        "coordinates": [
          -75.5786439,
          6.2541376
        ]
      },
      "id": "node/4437946889"
    },
    {
      "type": "Feature",
      "properties": {
        "@id": "node/4475368553",
        "description": "gimnasio",
        "leisure": "fitness_centre",
        "name": "Esparta",
        "wheelchair": "no"
      },
      "geometry": {
        "type": "Point",
        "coordinates": [
          -75.570402,
          6.3036711
        ]
      },
      "id": "node/4475368553"
    },
    {
      "type": "Feature",
      "properties": {
        "@id": "node/4575737696",
        "addr:floor": "3",
        "addr:housenumber": "35-28",
        "addr:street": "Carrera 66B",
        "email": "cafelclub@outlook.es",
        "leisure": "fitness_centre",
        "name": "gym El Club",
        "opening_hours": "Mo-Fr 05:00-22:00; Sa-Su 07:00-15:00",
        "phone": "+57 4 2659487",
        "website": "https://cafelclub.wixsite.com/cafelclub"
      },
      "geometry": {
        "type": "Point",
        "coordinates": [
          -75.5863728,
          6.2424448
        ]
      },
      "id": "node/4575737696"
    },
    {
      "type": "Feature",
      "properties": {
        "@id": "node/4760129621",
        "leisure": "fitness_centre",
        "name": "BFit",
        "note": "Mall Palmagrande"
      },
      "geometry": {
        "type": "Point",
        "coordinates": [
          -75.5665897,
          6.2196622
        ]
      },
      "id": "node/4760129621"
    },
    {
      "type": "Feature",
      "properties": {
        "@id": "node/4896008072",
        "leisure": "sports_centre",
        "sport": "Polideportivo y picina"
      },
      "geometry": {
        "type": "Point",
        "coordinates": [
          -75.6302421,
          6.1211876
        ]
      },
      "id": "node/4896008072"
    },
    {
      "type": "Feature",
      "properties": {
        "@id": "node/4896008082",
        "leisure": "fitness_station"
      },
      "geometry": {
        "type": "Point",
        "coordinates": [
          -75.6305695,
          6.1199345
        ]
      },
      "id": "node/4896008082"
    },
    {
      "type": "Feature",
      "properties": {
        "@id": "node/4951844644",
        "addr:housenumber": "#43e-60",
        "addr:postcode": "050021",
        "addr:street": "Calle 10",
        "alt_name": "The Smartfit 10",
        "internet_access": "wlan",
        "leisure": "fitness_centre",
        "name": "Smart fit",
        "name:es": "Smart fit",
        "phone": "+57 323 4583063"
      },
      "geometry": {
        "type": "Point",
        "coordinates": [
          -75.5748072,
          6.2127978
        ]
      },
      "id": "node/4951844644"
    },
    {
      "type": "Feature",
      "properties": {
        "@id": "node/4951844739",
        "leisure": "fitness_centre"
      },
      "geometry": {
        "type": "Point",
        "coordinates": [
          -75.6017595,
          6.2502605
        ]
      },
      "id": "node/4951844739"
    },
    {
      "type": "Feature",
      "properties": {
        "@id": "node/5227038827",
        "amenity": "motorcycle_parking",
        "leisure": "fitness_station",
        "name": "Bodyclub",
        "operator": "Parqueadero La 78"
      },
      "geometry": {
        "type": "Point",
        "coordinates": [
          -75.5992001,
          6.2254984
        ]
      },
      "id": "node/5227038827"
    },
    {
      "type": "Feature",
      "properties": {
        "@id": "node/5249729664",
        "description": "Acutalmente inactivo por reparación",
        "leisure": "fitness_centre",
        "name": "Gimnasio CPS La cruz"
      },
      "geometry": {
        "type": "Point",
        "coordinates": [
          -75.5365453,
          6.2696453
        ]
      },
      "id": "node/5249729664"
    },
    {
      "type": "Feature",
      "properties": {
        "@id": "node/5249851909",
        "addr:street": "Carrera 24b",
        "leisure": "fitness_centre",
        "name": "Inder"
      },
      "geometry": {
        "type": "Point",
        "coordinates": [
          -75.5384646,
          6.269504
        ]
      },
      "id": "node/5249851909"
    },
    {
      "type": "Feature",
      "properties": {
        "@id": "node/5618518721",
        "addr:housenumber": "71-85",
        "addr:street": "Transversal 39A",
        "email": "flyingtreeyoga@gmail.com",
        "internet_access": "wlan",
        "leisure": "fitness_centre",
        "name": "Flying Tree Yoga",
        "phone": "+57 314 7396451",
        "website": "https://www.flyingtreeyoga.com/"
      },
      "geometry": {
        "type": "Point",
        "coordinates": [
          -75.5928123,
          6.2412493
        ]
      },
      "id": "node/5618518721"
    },
    {
      "type": "Feature",
      "properties": {
        "@id": "node/5636373517",
        "check_date": "2025-05-05",
        "leisure": "fitness_station",
        "sport": "fitness"
      },
      "geometry": {
        "type": "Point",
        "coordinates": [
          -75.5770007,
          6.2640523
        ]
      },
      "id": "node/5636373517"
    },
    {
      "type": "Feature",
      "properties": {
        "@id": "node/5669797621",
        "internet_access": "wlan",
        "leisure": "fitness_centre",
        "name:en": "Smart Fit",
        "opening_hours": "Mo-Su 05:00-22:00",
        "website": "https://www.smartfit.com.co/"
      },
      "geometry": {
        "type": "Point",
        "coordinates": [
          -75.5866993,
          6.1688749
        ]
      },
      "id": "node/5669797621"
    },
    {
      "type": "Feature",
      "properties": {
        "@id": "node/5979550985",
        "leisure": "fitness_centre",
        "name:en": "Magnum Gym",
        "opening_hours": "Mo-Fr 05:00-08:00; Sa-Su 10:00-02:00",
        "sport": "fitness;boxing"
      },
      "geometry": {
        "type": "Point",
        "coordinates": [
          -75.5953428,
          6.2471083
        ]
      },
      "id": "node/5979550985"
    },
    {
      "type": "Feature",
      "properties": {
        "@id": "node/5995596986",
        "leisure": "fitness_centre",
        "name:en": "physical gym training"
      },
      "geometry": {
        "type": "Point",
        "coordinates": [
          -75.5853759,
          6.209061
        ]
      },
      "id": "node/5995596986"
    },
    {
      "type": "Feature",
      "properties": {
        "@id": "node/6025485153",
        "check_date": "2023-08-15",
        "leisure": "fitness_station",
        "sport": "fitness"
      },
      "geometry": {
        "type": "Point",
        "coordinates": [
          -75.5701667,
          6.2695216
        ]
      },
      "id": "node/6025485153"
    },
    {
      "type": "Feature",
      "properties": {
        "@id": "node/6251492788",
        "addr:city": "Medellín",
        "addr:housenumber": "43-81",
        "addr:postcode": "050016",
        "addr:street": "Calle 48",
        "brand": "Smart Fit",
        "brand:wikidata": "Q30930959",
        "internet_access": "wlan",
        "leisure": "fitness_centre",
        "name": "Smart Fit",
        "name:en": "Smart Fit Gym",
        "opening_hours": "Mo-Th 05:00-22:00; Su 08:00-17:00; Fr 05:00-21:00; Sa 07:00-17:00",
        "website": "https://www.smartfit.com.co/sedes/san-ignacio"
      },
      "geometry": {
        "type": "Point",
        "coordinates": [
          -75.5647951,
          6.2457535
        ]
      },
      "id": "node/6251492788"
    },
    {
      "type": "Feature",
      "properties": {
        "@id": "node/6355855038",
        "leisure": "fitness_centre",
        "name": "PowerGym picacho"
      },
      "geometry": {
        "type": "Point",
        "coordinates": [
          -75.5822532,
          6.3034896
        ]
      },
      "id": "node/6355855038"
    },
    {
      "type": "Feature",
      "properties": {
        "@id": "node/7253690737",
        "fitness_station": "box",
        "leisure": "fitness_station",
        "sport": "fitness"
      },
      "geometry": {
        "type": "Point",
        "coordinates": [
          -75.6069953,
          6.1573027
        ]
      },
      "id": "node/7253690737"
    },
    {
      "type": "Feature",
      "properties": {
        "@id": "node/7253691997",
        "fitness_station": "box",
        "leisure": "fitness_station",
        "sport": "fitness"
      },
      "geometry": {
        "type": "Point",
        "coordinates": [
          -75.615058,
          6.1537987
        ]
      },
      "id": "node/7253691997"
    },
    {
      "type": "Feature",
      "properties": {
        "@id": "node/7253901455",
        "addr:city": "Sabaneta",
        "addr:street": "Calle 62 Sur",
        "building": "public",
        "leisure": "sports_centre",
        "name": "J.A.C Restrepo Naranjo",
        "opening_hours": "Mo-Sa 07:00-21:45; Su-PH 07:00-17:00",
        "sport": "soccer;multi"
      },
      "geometry": {
        "type": "Point",
        "coordinates": [
          -75.6119972,
          6.1555838
        ]
      },
      "id": "node/7253901455"
    },
    {
      "type": "Feature",
      "properties": {
        "@id": "node/7254330156",
        "fitness_station": "box",
        "leisure": "fitness_station",
        "sport": "fitness"
      },
      "geometry": {
        "type": "Point",
        "coordinates": [
          -75.6133679,
          6.150896
        ]
      },
      "id": "node/7254330156"
    },
    {
      "type": "Feature",
      "properties": {
        "@id": "node/7265310996",
        "fitness_station": "box",
        "leisure": "fitness_station",
        "sport": "fitness"
      },
      "geometry": {
        "type": "Point",
        "coordinates": [
          -75.6092067,
          6.1562337
        ]
      },
      "id": "node/7265310996"
    },
    {
      "type": "Feature",
      "properties": {
        "@id": "node/7289113280",
        "addr:city": "Sabaneta Antioquia",
        "addr:street": "Calle 61 Sur",
        "leisure": "fitness_centre",
        "name": "Green Fit"
      },
      "geometry": {
        "type": "Point",
        "coordinates": [
          -75.6092838,
          6.1549598
        ]
      },
      "id": "node/7289113280"
    },
    {
      "type": "Feature",
      "properties": {
        "@id": "node/7299415357",
        "leisure": "fitness_centre",
        "name": "Dynamic Evolution Train"
      },
      "geometry": {
        "type": "Point",
        "coordinates": [
          -75.5938232,
          6.2095256
        ]
      },
      "id": "node/7299415357"
    },
    {
      "type": "Feature",
      "properties": {
        "@id": "node/7300031301",
        "leisure": "fitness_centre",
        "name:en": "24 Fit"
      },
      "geometry": {
        "type": "Point",
        "coordinates": [
          -75.5853069,
          6.2399156
        ]
      },
      "id": "node/7300031301"
    },
    {
      "type": "Feature",
      "properties": {
        "@id": "node/7330183115",
        "leisure": "sports_centre"
      },
      "geometry": {
        "type": "Point",
        "coordinates": [
          -75.5535706,
          6.297573
        ]
      },
      "id": "node/7330183115"
    },
    {
      "type": "Feature",
      "properties": {
        "@id": "node/7330183116",
        "leisure": "sports_centre"
      },
      "geometry": {
        "type": "Point",
        "coordinates": [
          -75.5524922,
          6.2984519
        ]
      },
      "id": "node/7330183116"
    },
    {
      "type": "Feature",
      "properties": {
        "@id": "node/7333312723",
        "leisure": "fitness_station",
        "sport": "fitness"
      },
      "geometry": {
        "type": "Point",
        "coordinates": [
          -75.5805452,
          6.2049533
        ]
      },
      "id": "node/7333312723"
    },
    {
      "type": "Feature",
      "properties": {
        "@id": "node/7385312734",
        "leisure": "fitness_centre",
        "name": "Gimnasio Dinamic"
      },
      "geometry": {
        "type": "Point",
        "coordinates": [
          -75.5992969,
          6.2601431
        ]
      },
      "id": "node/7385312734"
    },
    {
      "type": "Feature",
      "properties": {
        "@id": "node/8176512937",
        "addr:city": "Medellin",
        "addr:postcode": "050021",
        "addr:street": "Carrera 42",
        "alt_name": "Smart Fit Milla De Oro",
        "branch": "Golden Mile",
        "brand": "Smart Fit",
        "brand:wikidata": "Q30930959",
        "brand:wikipedia": "pt:Smart Fit",
        "check_date": "2026-01-08",
        "leisure": "fitness_centre",
        "name": "Smart Fit",
        "opening_hours": "Mo-Th 05:00-22:00; Fr 05:00-21:00; Sa 07:00-17:00; Su 08:00-17:00",
        "website": "https://smartfit.com.co"
      },
      "geometry": {
        "type": "Point",
        "coordinates": [
          -75.5723381,
          6.1996866
        ]
      },
      "id": "node/8176512937"
    },
    {
      "type": "Feature",
      "properties": {
        "@id": "node/8325140117",
        "addr:housenumber": "66-50",
        "addr:street": "Calle 50",
        "branch": "Avenida Colombia",
        "brand": "Bodytech",
        "brand:wikidata": "Q16538274",
        "brand:wikipedia": "es:Bodytech",
        "leisure": "fitness_centre",
        "name": "Bodytech",
        "name:es": "Bodytech"
      },
      "geometry": {
        "type": "Point",
        "coordinates": [
          -75.5824342,
          6.2569492
        ]
      },
      "id": "node/8325140117"
    },
    {
      "type": "Feature",
      "properties": {
        "@id": "node/8433141117",
        "leisure": "fitness_centre",
        "name": "Athletic"
      },
      "geometry": {
        "type": "Point",
        "coordinates": [
          -75.5732271,
          6.2146346
        ]
      },
      "id": "node/8433141117"
    },
    {
      "type": "Feature",
      "properties": {
        "@id": "node/8434602117",
        "addr:city": "Rio Negro",
        "addr:postcode": "054047",
        "leisure": "fitness_centre",
        "name": "Studio Personalizado Naty Marin",
        "name:en": "Studio Naty Marin",
        "name:es": "Studio Personalizado Naty Marin",
        "phone": "+57 322 5062974",
        "sport": "fitness;physiotherapy;fisioterapia;medellin;antioquia;rio_negro;llano_grande",
        "website": "https://facebook.com/studionatymarin/"
      },
      "geometry": {
        "type": "Point",
        "coordinates": [
          -75.4474761,
          6.1355092
        ]
      },
      "id": "node/8434602117"
    },
    {
      "type": "Feature",
      "properties": {
        "@id": "node/8712647561",
        "leisure": "fitness_centre",
        "name": "Gimnasio",
        "opening_hours": "Mo-Su 09:00-21:00",
        "sport": "fitness"
      },
      "geometry": {
        "type": "Point",
        "coordinates": [
          -75.6201371,
          6.2432742
        ]
      },
      "id": "node/8712647561"
    },
    {
      "type": "Feature",
      "properties": {
        "@id": "node/8995874019",
        "leisure": "fitness_centre",
        "name": "Naty Marin"
      },
      "geometry": {
        "type": "Point",
        "coordinates": [
          -75.4477087,
          6.1354236
        ]
      },
      "id": "node/8995874019"
    },
    {
      "type": "Feature",
      "properties": {
        "@id": "node/9102671452",
        "leisure": "fitness_centre",
        "name": "Gimnasio  Libre"
      },
      "geometry": {
        "type": "Point",
        "coordinates": [
          -75.589284,
          6.2539669
        ]
      },
      "id": "node/9102671452"
    },
    {
      "type": "Feature",
      "properties": {
        "@id": "node/9104455213",
        "leisure": "sports_centre",
        "name": "Coliseo Balonmano"
      },
      "geometry": {
        "type": "Point",
        "coordinates": [
          -75.5888965,
          6.2543858
        ]
      },
      "id": "node/9104455213"
    },
    {
      "type": "Feature",
      "properties": {
        "@id": "node/9108919854",
        "leisure": "fitness_centre"
      },
      "geometry": {
        "type": "Point",
        "coordinates": [
          -75.5823496,
          6.2527759
        ]
      },
      "id": "node/9108919854"
    },
    {
      "type": "Feature",
      "properties": {
        "@id": "node/9116678088",
        "leisure": "fitness_station",
        "sport": "fitness"
      },
      "geometry": {
        "type": "Point",
        "coordinates": [
          -75.5766587,
          6.2586816
        ]
      },
      "id": "node/9116678088"
    },
    {
      "type": "Feature",
      "properties": {
        "@id": "node/9118996119",
        "leisure": "fitness_centre",
        "name": "Gimnasio Publico"
      },
      "geometry": {
        "type": "Point",
        "coordinates": [
          -75.5925891,
          6.2680603
        ]
      },
      "id": "node/9118996119"
    },
    {
      "type": "Feature",
      "properties": {
        "@id": "node/9130294963",
        "leisure": "fitness_centre",
        "name": "Gimnasio Publico"
      },
      "geometry": {
        "type": "Point",
        "coordinates": [
          -75.5999443,
          6.2594898
        ]
      },
      "id": "node/9130294963"
    },
    {
      "type": "Feature",
      "properties": {
        "@id": "node/9131147066",
        "blind": "yes",
        "leisure": "fitness_station",
        "sport": "fitness",
        "wheelchair": "yes"
      },
      "geometry": {
        "type": "Point",
        "coordinates": [
          -75.601446,
          6.2420645
        ]
      },
      "id": "node/9131147066"
    },
    {
      "type": "Feature",
      "properties": {
        "@id": "node/9133499219",
        "leisure": "fitness_centre",
        "name": "Gimnasio  Publico"
      },
      "geometry": {
        "type": "Point",
        "coordinates": [
          -75.5943403,
          6.2717863
        ]
      },
      "id": "node/9133499219"
    },
    {
      "type": "Feature",
      "properties": {
        "@id": "node/9133499220",
        "leisure": "fitness_centre",
        "name": "Gimnasio Publico"
      },
      "geometry": {
        "type": "Point",
        "coordinates": [
          -75.5943791,
          6.2717767
        ]
      },
      "id": "node/9133499220"
    },
    {
      "type": "Feature",
      "properties": {
        "@id": "node/9211397552",
        "brand": "Bodytech",
        "brand:wikidata": "Q16538274",
        "brand:wikipedia": "es:Bodytech",
        "information": "board",
        "leisure": "fitness_centre",
        "name": "Bodytech",
        "name:es": "Bodytech",
        "tourism": "information"
      },
      "geometry": {
        "type": "Point",
        "coordinates": [
          -75.5862037,
          6.2621552
        ]
      },
      "id": "node/9211397552"
    },
    {
      "type": "Feature",
      "properties": {
        "@id": "node/9604597085",
        "addr:city": "Sabaneta",
        "addr:street": "Calle 75 Sur",
        "leisure": "fitness_centre",
        "name": "Gimnasio Smart Fit - Aves María",
        "phone": "+57 3503100919",
        "sport": "fitness"
      },
      "geometry": {
        "type": "Point",
        "coordinates": [
          -75.6176399,
          6.1492175
        ]
      },
      "id": "node/9604597085"
    },
    {
      "type": "Feature",
      "properties": {
        "@id": "node/10018676674",
        "leisure": "fitness_centre"
      },
      "geometry": {
        "type": "Point",
        "coordinates": [
          -75.4458157,
          6.2788031
        ]
      },
      "id": "node/10018676674"
    },
    {
      "type": "Feature",
      "properties": {
        "@id": "node/10059728077",
        "blind": "limited",
        "fitness_station": "box",
        "leisure": "fitness_station",
        "sport": "fitness",
        "wheelchair": "limited"
      },
      "geometry": {
        "type": "Point",
        "coordinates": [
          -75.5979615,
          6.1858708
        ]
      },
      "id": "node/10059728077"
    },
    {
      "type": "Feature",
      "properties": {
        "@id": "node/10096730781",
        "brand": "Smart Fit",
        "brand:wikidata": "Q30930959",
        "leisure": "fitness_centre",
        "name": "Smart Fit"
      },
      "geometry": {
        "type": "Point",
        "coordinates": [
          -75.5741838,
          6.1967767
        ]
      },
      "id": "node/10096730781"
    },
    {
      "type": "Feature",
      "properties": {
        "@id": "node/10297177474",
        "blind": "limited",
        "fitness_station": "yes",
        "leisure": "fitness_station",
        "sport": "fitness",
        "wheelchair": "yes"
      },
      "geometry": {
        "type": "Point",
        "coordinates": [
          -75.5831075,
          6.2431707
        ]
      },
      "id": "node/10297177474"
    },
    {
      "type": "Feature",
      "properties": {
        "@id": "node/10598294005",
        "addr:street": "Carrera 43C",
        "leisure": "fitness_centre",
        "name": "Happy Yoga"
      },
      "geometry": {
        "type": "Point",
        "coordinates": [
          -75.5717288,
          6.2120207
        ]
      },
      "id": "node/10598294005"
    },
    {
      "type": "Feature",
      "properties": {
        "@id": "node/10598296105",
        "addr:street": "Calle 6",
        "leisure": "fitness_centre",
        "name": "Yogalab"
      },
      "geometry": {
        "type": "Point",
        "coordinates": [
          -75.5736809,
          6.2083795
        ]
      },
      "id": "node/10598296105"
    },
    {
      "type": "Feature",
      "properties": {
        "@id": "node/10788298301",
        "leisure": "fitness_station",
        "sport": "fitness"
      },
      "geometry": {
        "type": "Point",
        "coordinates": [
          -75.5788026,
          6.2607422
        ]
      },
      "id": "node/10788298301"
    },
    {
      "type": "Feature",
      "properties": {
        "@id": "node/10813174690",
        "leisure": "fitness_station",
        "sport": "fitness",
        "wheelchair": "yes"
      },
      "geometry": {
        "type": "Point",
        "coordinates": [
          -75.5800048,
          6.290699
        ]
      },
      "id": "node/10813174690"
    },
    {
      "type": "Feature",
      "properties": {
        "@id": "node/10847069982",
        "blind": "no",
        "fitness_station": "parallel_bars",
        "leisure": "fitness_station",
        "sport": "fitness",
        "wheelchair": "no"
      },
      "geometry": {
        "type": "Point",
        "coordinates": [
          -75.5764354,
          6.2580762
        ]
      },
      "id": "node/10847069982"
    },
    {
      "type": "Feature",
      "properties": {
        "@id": "node/10880895705",
        "branch": "Unicentro",
        "brand": "Smart Fit",
        "brand:wikidata": "Q30930959",
        "internet_access": "wlan",
        "leisure": "fitness_centre",
        "name": "Smart Fit",
        "opening_hours": "Mo-Th 05:00-22:00; Fr 05:00-21:00; Sa 07:00-17:00; Su 08:00-17:00",
        "phone": "+57 350 3100919",
        "website": "https://smartfit.com.co/"
      },
      "geometry": {
        "type": "Point",
        "coordinates": [
          -75.5866464,
          6.2409684
        ]
      },
      "id": "node/10880895705"
    },
    {
      "type": "Feature",
      "properties": {
        "@id": "node/11120045398",
        "branch": "Sede Manrique",
        "brand": "Smart Fit",
        "brand:wikidata": "Q30930959",
        "leisure": "fitness_centre",
        "name": "Smart Fit",
        "sport": "fitness",
        "website": "https://smartfit.com.co"
      },
      "geometry": {
        "type": "Point",
        "coordinates": [
          -75.5547964,
          6.2672289
        ]
      },
      "id": "node/11120045398"
    },
    {
      "type": "Feature",
      "properties": {
        "@id": "node/11271867241",
        "brand": "Smart Fit",
        "brand:wikidata": "Q30930959",
        "leisure": "fitness_centre",
        "name": "Smart Fit"
      },
      "geometry": {
        "type": "Point",
        "coordinates": [
          -75.5737307,
          6.2119761
        ]
      },
      "id": "node/11271867241"
    },
    {
      "type": "Feature",
      "properties": {
        "@id": "node/11486947733",
        "building": "yes",
        "leisure": "fitness_centre",
        "name": "GYM La somadera"
      },
      "geometry": {
        "type": "Point",
        "coordinates": [
          -75.6251464,
          6.2463923
        ]
      },
      "id": "node/11486947733"
    },
    {
      "type": "Feature",
      "properties": {
        "@id": "node/11494775052",
        "leisure": "fitness_station"
      },
      "geometry": {
        "type": "Point",
        "coordinates": [
          -75.5538978,
          6.2622978
        ]
      },
      "id": "node/11494775052"
    },
    {
      "type": "Feature",
      "properties": {
        "@id": "node/11773673510",
        "leisure": "fitness_centre",
        "name": "Cancha y gimnasio al aire libre"
      },
      "geometry": {
        "type": "Point",
        "coordinates": [
          -75.538965,
          6.2474886
        ]
      },
      "id": "node/11773673510"
    },
    {
      "type": "Feature",
      "properties": {
        "@id": "node/11773681347",
        "leisure": "fitness_station",
        "sport": "fitness"
      },
      "geometry": {
        "type": "Point",
        "coordinates": [
          -75.5390547,
          6.2474955
        ]
      },
      "id": "node/11773681347"
    },
    {
      "type": "Feature",
      "properties": {
        "@id": "node/11773714769",
        "leisure": "fitness_station",
        "operator": "gimnasio al aire libre 13 de noviembre"
      },
      "geometry": {
        "type": "Point",
        "coordinates": [
          -75.5390403,
          6.2474429
        ]
      },
      "id": "node/11773714769"
    },
    {
      "type": "Feature",
      "properties": {
        "@id": "node/11939825470",
        "leisure": "sports_centre",
        "opening_hours": "Mo-Fr 06:16-17:45"
      },
      "geometry": {
        "type": "Point",
        "coordinates": [
          -75.5428814,
          6.256363
        ]
      },
      "id": "node/11939825470"
    },
    {
      "type": "Feature",
      "properties": {
        "@id": "node/11939840569",
        "leisure": "sports_centre",
        "opening_hours": "Mo-Fr 06:15-17:45"
      },
      "geometry": {
        "type": "Point",
        "coordinates": [
          -75.5430094,
          6.2561345
        ]
      },
      "id": "node/11939840569"
    },
    {
      "type": "Feature",
      "properties": {
        "@id": "node/12063883869",
        "leisure": "sports_centre",
        "name": "Cancha iejva"
      },
      "geometry": {
        "type": "Point",
        "coordinates": [
          -75.5435662,
          6.2559206
        ]
      },
      "id": "node/12063883869"
    },
    {
      "type": "Feature",
      "properties": {
        "@id": "node/12063888969",
        "leisure": "sports_centre",
        "name": "Cancha de fútbol"
      },
      "geometry": {
        "type": "Point",
        "coordinates": [
          -75.5427957,
          6.2561046
        ]
      },
      "id": "node/12063888969"
    },
    {
      "type": "Feature",
      "properties": {
        "@id": "node/12064717582",
        "blind": "yes",
        "leisure": "fitness_station",
        "sport": "fitness",
        "survey:date": "2024-07-20",
        "wheelchair": "yes"
      },
      "geometry": {
        "type": "Point",
        "coordinates": [
          -75.6095198,
          6.2880584
        ]
      },
      "id": "node/12064717582"
    },
    {
      "type": "Feature",
      "properties": {
        "@id": "node/12074190550",
        "leisure": "fitness_centre",
        "name": "Gym al aire libre",
        "opening_hours": "Mo-Su,PH 00:00-12:00"
      },
      "geometry": {
        "type": "Point",
        "coordinates": [
          -75.6346559,
          6.2807669
        ]
      },
      "id": "node/12074190550"
    },
    {
      "type": "Feature",
      "properties": {
        "@id": "node/12083998569",
        "leisure": "sports_centre",
        "name": "Cancha de Golondrinas"
      },
      "geometry": {
        "type": "Point",
        "coordinates": [
          -75.5387288,
          6.2568132
        ]
      },
      "id": "node/12083998569"
    },
    {
      "type": "Feature",
      "properties": {
        "@id": "node/12098818001",
        "leisure": "sports_centre"
      },
      "geometry": {
        "type": "Point",
        "coordinates": [
          -75.5429966,
          6.2562397
        ]
      },
      "id": "node/12098818001"
    },
    {
      "type": "Feature",
      "properties": {
        "@id": "node/12160162326",
        "leisure": "fitness_centre",
        "name": "PROtraining gym"
      },
      "geometry": {
        "type": "Point",
        "coordinates": [
          -75.5867167,
          6.2422479
        ]
      },
      "id": "node/12160162326"
    },
    {
      "type": "Feature",
      "properties": {
        "@id": "node/12234249460",
        "leisure": "fitness_station",
        "sport": "fitness"
      },
      "geometry": {
        "type": "Point",
        "coordinates": [
          -75.6115829,
          6.2829464
        ]
      },
      "id": "node/12234249460"
    },
    {
      "type": "Feature",
      "properties": {
        "@id": "node/12239554491",
        "leisure": "fitness_station",
        "sport": "fitness"
      },
      "geometry": {
        "type": "Point",
        "coordinates": [
          -75.6034708,
          6.1665347
        ]
      },
      "id": "node/12239554491"
    },
    {
      "type": "Feature",
      "properties": {
        "@id": "node/12330892301",
        "leisure": "sports_centre",
        "name": "Cancha Independencia"
      },
      "geometry": {
        "type": "Point",
        "coordinates": [
          -75.6215817,
          6.250303
        ]
      },
      "id": "node/12330892301"
    },
    {
      "type": "Feature",
      "properties": {
        "@id": "node/12550154801",
        "leisure": "fitness_centre"
      },
      "geometry": {
        "type": "Point",
        "coordinates": [
          -75.581298,
          6.2409535
        ]
      },
      "id": "node/12550154801"
    },
    {
      "type": "Feature",
      "properties": {
        "@id": "node/12570554502",
        "leisure": "fitness_centre",
        "name": "Gimnasio Universidad de Medellín",
        "opening_hours": "Mo-Fr 06:00-18:00; Sa 08:00-03:00"
      },
      "geometry": {
        "type": "Point",
        "coordinates": [
          -75.6105242,
          6.230726
        ]
      },
      "id": "node/12570554502"
    },
    {
      "type": "Feature",
      "properties": {
        "@id": "node/12620379965",
        "branch": "Premium plaza",
        "brand": "Bodytech",
        "brand:wikidata": "Q16538274",
        "leisure": "fitness_centre",
        "name": "Bodytech"
      },
      "geometry": {
        "type": "Point",
        "coordinates": [
          -75.5706437,
          6.2301692
        ]
      },
      "id": "node/12620379965"
    },
    {
      "type": "Feature",
      "properties": {
        "@id": "node/12620389981",
        "leisure": "fitness_centre",
        "name": "Bodytech City plaza"
      },
      "geometry": {
        "type": "Point",
        "coordinates": [
          -75.5738726,
          6.1637701
        ]
      },
      "id": "node/12620389981"
    },
    {
      "type": "Feature",
      "properties": {
        "@id": "node/12620397333",
        "leisure": "fitness_centre",
        "name": "Bodytech las vegas"
      },
      "geometry": {
        "type": "Point",
        "coordinates": [
          -75.5795267,
          6.1903418
        ]
      },
      "id": "node/12620397333"
    },
    {
      "type": "Feature",
      "properties": {
        "@id": "node/12638980802",
        "leisure": "fitness_station"
      },
      "geometry": {
        "type": "Point",
        "coordinates": [
          -75.5839179,
          6.2369847
        ]
      },
      "id": "node/12638980802"
    },
    {
      "type": "Feature",
      "properties": {
        "@id": "node/12641244301",
        "leisure": "fitness_centre",
        "name": "SmartFit"
      },
      "geometry": {
        "type": "Point",
        "coordinates": [
          -75.5826502,
          6.1871639
        ]
      },
      "id": "node/12641244301"
    },
    {
      "type": "Feature",
      "properties": {
        "@id": "node/12650748901",
        "leisure": "fitness_station"
      },
      "geometry": {
        "type": "Point",
        "coordinates": [
          -75.5361956,
          6.2391432
        ]
      },
      "id": "node/12650748901"
    },
    {
      "type": "Feature",
      "properties": {
        "@id": "node/12745844401",
        "leisure": "fitness_centre",
        "name": "El castillo"
      },
      "geometry": {
        "type": "Point",
        "coordinates": [
          -75.5972669,
          6.2600354
        ]
      },
      "id": "node/12745844401"
    },
    {
      "type": "Feature",
      "properties": {
        "@id": "node/12821345801",
        "leisure": "fitness_station"
      },
      "geometry": {
        "type": "Point",
        "coordinates": [
          -75.6161769,
          6.2124806
        ]
      },
      "id": "node/12821345801"
    },
    {
      "type": "Feature",
      "properties": {
        "@id": "node/13087991340",
        "leisure": "fitness_station",
        "sport": "fitness"
      },
      "geometry": {
        "type": "Point",
        "coordinates": [
          -75.6041055,
          6.2116373
        ]
      },
      "id": "node/13087991340"
    },
    {
      "type": "Feature",
      "properties": {
        "@id": "node/13087991342",
        "leisure": "fitness_station",
        "sport": "fitness"
      },
      "geometry": {
        "type": "Point",
        "coordinates": [
          -75.6040396,
          6.2116986
        ]
      },
      "id": "node/13087991342"
    },
    {
      "type": "Feature",
      "properties": {
        "@id": "node/13087991347",
        "leisure": "fitness_station",
        "sport": "fitness"
      },
      "geometry": {
        "type": "Point",
        "coordinates": [
          -75.604132,
          6.211616
        ]
      },
      "id": "node/13087991347"
    },
    {
      "type": "Feature",
      "properties": {
        "@id": "node/13087991350",
        "leisure": "fitness_station",
        "sport": "fitness"
      },
      "geometry": {
        "type": "Point",
        "coordinates": [
          -75.6039616,
          6.2117624
        ]
      },
      "id": "node/13087991350"
    },
    {
      "type": "Feature",
      "properties": {
        "@id": "node/13087991368",
        "leisure": "fitness_station",
        "sport": "fitness"
      },
      "geometry": {
        "type": "Point",
        "coordinates": [
          -75.6040282,
          6.2117086
        ]
      },
      "id": "node/13087991368"
    },
    {
      "type": "Feature",
      "properties": {
        "@id": "node/13087991370",
        "leisure": "fitness_station",
        "sport": "fitness"
      },
      "geometry": {
        "type": "Point",
        "coordinates": [
          -75.6039319,
          6.2117848
        ]
      },
      "id": "node/13087991370"
    },
    {
      "type": "Feature",
      "properties": {
        "@id": "node/13087991373",
        "leisure": "fitness_station",
        "sport": "fitness"
      },
      "geometry": {
        "type": "Point",
        "coordinates": [
          -75.6041875,
          6.2115639
        ]
      },
      "id": "node/13087991373"
    },
    {
      "type": "Feature",
      "properties": {
        "@id": "node/13087991375",
        "fitness_station": "yes",
        "leisure": "fitness_station",
        "sport": "fitness"
      },
      "geometry": {
        "type": "Point",
        "coordinates": [
          -75.6043402,
          6.2114397
        ]
      },
      "id": "node/13087991375"
    },
    {
      "type": "Feature",
      "properties": {
        "@id": "node/13112454896",
        "check_date": "2025-09-01",
        "leisure": "fitness_centre",
        "name": "Diana Espinosa Centro Acuático y de Estimulación"
      },
      "geometry": {
        "type": "Point",
        "coordinates": [
          -75.594179,
          6.2447583
        ]
      },
      "id": "node/13112454896"
    },
    {
      "type": "Feature",
      "properties": {
        "@id": "node/13116895650",
        "check_date": "2025-09-03",
        "leisure": "fitness_centre",
        "name": "Effort",
        "sport": "spinning"
      },
      "geometry": {
        "type": "Point",
        "coordinates": [
          -75.5939517,
          6.2489531
        ]
      },
      "id": "node/13116895650"
    },
    {
      "type": "Feature",
      "properties": {
        "@id": "node/13117170167",
        "check_date": "2025-09-03",
        "leisure": "fitness_centre",
        "name": "Evolution Fightclub"
      },
      "geometry": {
        "type": "Point",
        "coordinates": [
          -75.5856706,
          6.2402096
        ]
      },
      "id": "node/13117170167"
    },
    {
      "type": "Feature",
      "properties": {
        "@id": "node/13117170171",
        "check_date": "2025-09-03",
        "leisure": "fitness_centre",
        "name": "Palacio Fitness"
      },
      "geometry": {
        "type": "Point",
        "coordinates": [
          -75.5877994,
          6.2399829
        ]
      },
      "id": "node/13117170171"
    },
    {
      "type": "Feature",
      "properties": {
        "@id": "node/13117170173",
        "check_date": "2025-09-03",
        "leisure": "fitness_centre",
        "name": "pwr:club"
      },
      "geometry": {
        "type": "Point",
        "coordinates": [
          -75.5912878,
          6.2404594
        ]
      },
      "id": "node/13117170173"
    },
    {
      "type": "Feature",
      "properties": {
        "@id": "node/13118665152",
        "check_date": "2025-09-03",
        "leisure": "fitness_centre",
        "name": "Action Black"
      },
      "geometry": {
        "type": "Point",
        "coordinates": [
          -75.5876971,
          6.2388965
        ]
      },
      "id": "node/13118665152"
    },
    {
      "type": "Feature",
      "properties": {
        "@id": "node/13119502138",
        "leisure": "fitness_station",
        "sport": "fitness"
      },
      "geometry": {
        "type": "Point",
        "coordinates": [
          -75.5801095,
          6.2350085
        ]
      },
      "id": "node/13119502138"
    },
    {
      "type": "Feature",
      "properties": {
        "@id": "node/13189193401",
        "leisure": "sports_centre",
        "name": "Cancha"
      },
      "geometry": {
        "type": "Point",
        "coordinates": [
          -75.542873,
          6.2564253
        ]
      },
      "id": "node/13189193401"
    },
    {
      "type": "Feature",
      "properties": {
        "@id": "node/13201853201",
        "leisure": "fitness_station"
      },
      "geometry": {
        "type": "Point",
        "coordinates": [
          -75.5387971,
          6.257435
        ]
      },
      "id": "node/13201853201"
    },
    {
      "type": "Feature",
      "properties": {
        "@id": "node/13234961001",
        "leisure": "fitness_station"
      },
      "geometry": {
        "type": "Point",
        "coordinates": [
          -75.5384042,
          6.2531299
        ]
      },
      "id": "node/13234961001"
    },
    {
      "type": "Feature",
      "properties": {
        "@id": "node/13234990602",
        "leisure": "fitness_centre",
        "name": "Gimnasio al aire libre"
      },
      "geometry": {
        "type": "Point",
        "coordinates": [
          -75.5392753,
          6.2547409
        ]
      },
      "id": "node/13234990602"
    },
    {
      "type": "Feature",
      "properties": {
        "@id": "node/13234997201",
        "leisure": "fitness_centre",
        "name": "Gimnasio al aire libre"
      },
      "geometry": {
        "type": "Point",
        "coordinates": [
          -75.5592977,
          6.1931685
        ]
      },
      "id": "node/13234997201"
    },
    {
      "type": "Feature",
      "properties": {
        "@id": "node/13334881369",
        "addr:city": "Medellín",
        "addr:housenumber": "CRA 68 #98 44",
        "leisure": "fitness_centre",
        "name": "Fuerza y Movimiento",
        "phone": "+57 311 7050732"
      },
      "geometry": {
        "type": "Point",
        "coordinates": [
          -75.5709655,
          6.2941742
        ]
      },
      "id": "node/13334881369"
    },
    {
      "type": "Feature",
      "properties": {
        "@id": "node/13551291456",
        "access": "yes",
        "blind": "yes",
        "leisure": "fitness_station",
        "name": "Gimnasio al aire libre",
        "opening_hours": "24/7",
        "sport": "fitness",
        "wheelchair": "yes"
      },
      "geometry": {
        "type": "Point",
        "coordinates": [
          -75.6098152,
          6.2819289
        ]
      },
      "id": "node/13551291456"
    },
    {
      "type": "Feature",
      "properties": {
        "@id": "node/13570492191",
        "leisure": "fitness_station",
        "sport": "fitness"
      },
      "geometry": {
        "type": "Point",
        "coordinates": [
          -75.6103589,
          6.2827891
        ]
      },
      "id": "node/13570492191"
    },
    {
      "type": "Feature",
      "properties": {
        "@id": "node/13643905495",
        "leisure": "fitness_station",
        "sport": "fitness"
      },
      "geometry": {
        "type": "Point",
        "coordinates": [
          -75.5938262,
          6.2717931
        ]
      },
      "id": "node/13643905495"
    },
    {
      "type": "Feature",
      "properties": {
        "@id": "node/13687274571",
        "addr:city": "Itagüí",
        "addr:street": "Carrera 55B",
        "leisure": "fitness_centre",
        "name": "Gimnasio virfit",
        "sport": "fitness",
        "website": "https://www.google.com/search?q=virfit&oq=virfit&gs_lcrp=EgZjaHJvbWUqCggAEAAY4wIYgAQyCggAEAAY4wIYgAQyDQgBEC4YrwEYxwEYgAQyDQgCEC4YrwEYxwEYgAQyBwgDEAAYgAQyBwgEEAAYgAQyBwgFEAAYgAQyBwgGEAAYgAQyBwgHEAAYgAQyCggIEAAYgAQYogQyBwgJEAAY7wXSAQgyNTc0ajBqN6gCALACAA&sou"
      },
      "geometry": {
        "type": "Point",
        "coordinates": [
          -75.5993074,
          6.1883743
        ]
      },
      "id": "node/13687274571"
    },
    {
      "type": "Feature",
      "properties": {
        "@id": "node/13714713612",
        "addr:city": "Medellín",
        "addr:postcode": "050021",
        "addr:street": "Carrera 43F # 14A-126",
        "leisure": "fitness_centre",
        "name": "Eco Functional Club",
        "opening_hours": "Mo-Fr 05:00-12:00 - 13:00-20:00; Sa 07:00-12:00; Su 09:00-11:00",
        "phone": "+57 3018878060"
      },
      "geometry": {
        "type": "Point",
        "coordinates": [
          -75.5716816,
          6.2172349
        ]
      },
      "id": "node/13714713612"
    },
    {
      "type": "Feature",
      "properties": {
        "@id": "node/13721462101",
        "addr:housenumber": "#2-46",
        "addr:street": "Carrera 72",
        "leisure": "fitness_centre",
        "name": "Cetar Training",
        "opening_hours": "Mo-Fr 05:00-21:00; Sa-Su 08:00-14:00",
        "phone": "+57 300 2562501"
      },
      "geometry": {
        "type": "Point",
        "coordinates": [
          -75.5908821,
          6.2454307
        ]
      },
      "id": "node/13721462101"
    },
    {
      "type": "Feature",
      "properties": {
        "@id": "node/13816302706",
        "leisure": "fitness_station",
        "sport": "fitness"
      },
      "geometry": {
        "type": "Point",
        "coordinates": [
          -75.544877,
          6.2691771
        ]
      },
      "id": "node/13816302706"
    },
    {
      "type": "Feature",
      "properties": {
        "@id": "node/13853583066",
        "leisure": "fitness_station",
        "sport": "fitness"
      },
      "geometry": {
        "type": "Point",
        "coordinates": [
          -75.4988317,
          6.2657188
        ]
      },
      "id": "node/13853583066"
    },
    {
      "type": "Feature",
      "properties": {
        "@id": "node/13853595872",
        "leisure": "fitness_station",
        "sport": "fitness"
      },
      "geometry": {
        "type": "Point",
        "coordinates": [
          -75.4984762,
          6.2698268
        ]
      },
      "id": "node/13853595872"
    },
    {
      "type": "Feature",
      "properties": {
        "@id": "node/13853615492",
        "leisure": "fitness_station",
        "sport": "fitness"
      },
      "geometry": {
        "type": "Point",
        "coordinates": [
          -75.4986026,
          6.2694373
        ]
      },
      "id": "node/13853615492"
    },
    {
      "type": "Feature",
      "properties": {
        "@id": "node/13853631997",
        "leisure": "fitness_station",
        "sport": "fitness"
      },
      "geometry": {
        "type": "Point",
        "coordinates": [
          -75.4987442,
          6.2684533
        ]
      },
      "id": "node/13853631997"
    },
    {
      "type": "Feature",
      "properties": {
        "@id": "node/13963458947",
        "leisure": "fitness_station"
      },
      "geometry": {
        "type": "Point",
        "coordinates": [
          -75.582099,
          6.2672895
        ]
      },
      "id": "node/13963458947"
    },
    {
      "type": "Feature",
      "properties": {
        "@id": "node/13965946671",
        "leisure": "fitness_station"
      },
      "geometry": {
        "type": "Point",
        "coordinates": [
          -75.5830125,
          6.2683039
        ]
      },
      "id": "node/13965946671"
    },
    {
      "type": "Feature",
      "properties": {
        "@id": "node/13965946679",
        "leisure": "fitness_station"
      },
      "geometry": {
        "type": "Point",
        "coordinates": [
          -75.5827539,
          6.26949
        ]
      },
      "id": "node/13965946679"
    },
    {
      "type": "Feature",
      "properties": {
        "@id": "node/13965946684",
        "leisure": "fitness_station"
      },
      "geometry": {
        "type": "Point",
        "coordinates": [
          -75.5814372,
          6.269892
        ]
      },
      "id": "node/13965946684"
    }
  ]
}